;Ürün_adý;Marka;orjinal_fiyat;Ýndirim_oraný;indirimli_fiyat;sepette_indirim_oraný;sepette_indirimli_fiyat;Puan;Deðerlendirme;Link
0;"Reeder M10 PRO LTE 32GB 10.1"" IPS Tablet Beyaz";Reeder;1.399,00 TL;%36;899,90 TL;% 0;899,90 TL;4,2;140 ;https://www.hepsiburada.com//reeder-m10-pro-lte-32gb-10-1-ips-tablet-beyaz-p-HBV00000MI6VV
1;"Samsung Galaxy Tab A7 SM-T500 32 GB 10.4"" Tablet";Samsung;1.999,00 TL;%16;1.679,90 TL;% 0;1.679,90 TL;4,8;3811 ;https://www.hepsiburada.com//samsung-galaxy-tab-a7-sm-t500-32-gb-10-4-tablet-p-HBV00000YDZXT
2;"Apple iPad 8. Nesil 32 GB 10.2"" WiFi Tablet - MYL92TU/A";Apple;3.499,00 TL;%6;3.299,91 TL;% 0;3.299,91 TL;4,9;963 ;https://www.hepsiburada.com//apple-ipad-8-nesil-32-gb-10-2-wifi-tablet-myl92tu-a-p-HBV00000XAMHU
3;Samsung Galaxy Tab A 8 SM-T290 32GB Tablet Siyah;Samsung;1.299,00 TL;%24;988,90 TL;% 0;988,90 TL;4,7;4265 ;https://www.hepsiburada.com//samsung-galaxy-tab-a-8-sm-t290-32gb-tablet-siyah-p-HBV00000NATN6
4;"Samsung Galaxy Tab S6 Lite SM-P610 64GB 10.4"" Tablet - Gök Mavisi";Samsung;2.999,00 TL;%16;2.519,90 TL;% 0;2.519,90 TL;4,8;3195 ;https://www.hepsiburada.com//samsung-galaxy-tab-s6-lite-sm-p610-64gb-10-4-tablet-gok-mavisi-p-HBV00000TB9MB
5;"Samsung Galaxy Tab A SM-T297 8"" 32GB 4G Tablet Siyah";Samsung;1.499,00 TL;%25;1.129,90 TL;% 0;1.129,90 TL;4,6;670 ;https://www.hepsiburada.com//samsung-galaxy-tab-a-sm-t297-8-32gb-4g-tablet-siyah-p-HBV00000TKRF2
6;Reeder M10 Blue Max 64GB 4G LTE;Reeder;2.299,00 TL;%35;1.499,00 TL;% 0;1.499,00 TL;4,0;169 ;https://www.hepsiburada.com//reeder-m10-blue-max-64gb-4g-lte-p-HBV00001473QM
7;Huawei Matepad 11 128 GB;Huawei;4.997,50 TL;%0;4.997,50 TL;% 0;4.997,50 TL;None;;https://www.hepsiburada.com//huawei-matepad-11-128-gb-p-HBCV00000C9J4P
8;"Lenovo TAB M10 TB-X606F 64GB 10.3"" Wi-Fi Tablet - Gri ZA5T0215TR";Lenovo;2.999,00 TL;%42;1.749,73 TL;% 0;1.749,73 TL;4,7;307 ;https://www.hepsiburada.com//lenovo-tab-m10-tb-x606f-64gb-10-3-wi-fi-tablet-gri-za5t0215tr-p-HBV00000TCIT1
9;"Alcatel 1T 16GB 7"" WiFi Tablet Lacivert";Alcatel;499,00 TL;%8;459,90 TL;% 0;459,90 TL;4,2;448 ;https://www.hepsiburada.com//alcatel-1t-16gb-7-wifi-tablet-lacivert-p-HBV00000WGFAS
10;Huawei Matepad T10 32 GB;Huawei;1.799,00 TL;%39;1.096,89 TL;% 0;1.096,89 TL;4,6;139 ;https://www.hepsiburada.com//huawei-matepad-t10-32-gb-p-HBV00000X7U6B
11;"Samsung Galaxy Tab A7 SM-T507 32 GB 10.4"" Tablet";Samsung;1.648,84 TL;%0;1.648,84 TL;% 0;1.648,84 TL;4,7;247 ;https://www.hepsiburada.com//samsung-galaxy-tab-a7-sm-t507-32-gb-10-4-tablet-p-HBV000013E1EI
12;Lenovo Smart Tab M8 TB-8505FS ZA5C0062TR 32GB;Lenovo;1.199,00 TL;%21;949,90 TL;% 0;949,90 TL;4,8;156 ;https://www.hepsiburada.com//lenovo-smart-tab-m8-tb-8505fs-za5c0062tr-32gb-p-HBV0000120WVL
13;"Apple iPad Air 4. Nesil 10.9"" 64 GB Wifi Tablet - MYFN2TU/A";Apple;6.399,00 TL;%9;5.799,90 TL;% 0;5.799,90 TL;4,9;487 ;https://www.hepsiburada.com//apple-ipad-air-4-nesil-10-9-64-gb-wifi-tablet-myfn2tu-a-p-HBV00000XAMHI
14;"Apple iPad Pro 2.Nesil Wi-Fi 128GB 11"" Tablet - Uzay Grisi MY232TU/A";Apple;8.449,00 TL;%3;8.198,18 TL;% 0;8.198,18 TL;4,9;190 ;https://www.hepsiburada.com//apple-ipad-pro-2-nesil-wi-fi-128gb-11-tablet-uzay-grisi-my232tu-a-p-HBV00000SS5E4
15;"Samsung Galaxy Tab S6 Lite LTE SM-P617 64GB 10.4"" Tablet - Dað Grisi";Samsung;3.599,00 TL;%11;3.198,68 TL;% 0;3.198,68 TL;4,7;141 ;https://www.hepsiburada.com//samsung-galaxy-tab-s6-lite-lte-sm-p617-64gb-10-4-tablet-dag-grisi-p-HBV00000TB9ME
16;"Alcatel 1T 10"" 2020 16 GB WiFi Tablet Siyah";Alcatel;799,00 TL;%11;714,93 TL;% 0;714,93 TL;4,5;26 ;https://www.hepsiburada.com//alcatel-1t-10-2020-16-gb-wifi-tablet-siyah-p-HBV0000121K1T
17;Samsung Galaxy Tab S7 Plus SM-T970 256 GB Tablet;Samsung;7.499,00 TL;%12;6.599,91 TL;% 0;6.599,91 TL;4,8;301 ;https://www.hepsiburada.com//samsung-galaxy-tab-s7-plus-sm-t970-256-gb-tablet-p-HBV00000VSEDJ
18;"Apple iPad 8. Nesil 128 GB 10.2"" WiFi Tablet - MYLD2TU/A";Apple;4.498,55 TL;%0;4.498,55 TL;% 0;4.498,55 TL;4,9;323 ;https://www.hepsiburada.com//apple-ipad-8-nesil-128-gb-10-2-wifi-tablet-myld2tu-a-p-HBV00000XAMIF
19;"Lenovo TAB TB-X306F 64 GB 10,1"" Tablet TRZA6W0026TR";Lenovo;2.200,00 TL;%28;1.579,90 TL;% 0;1.579,90 TL;4,7;282 ;https://www.hepsiburada.com//lenovo-tab-tb-x306f-64-gb-10-1-tablet-trza6w0026tr-p-HBV0000122IQH
20;"Lenovo Tab M7 TB-7305F 16GB 7"" IPS Tablet Gri ZA550080TR";Lenovo;899,00 TL;%23;689,93 TL;% 0;689,93 TL;4,3;245 ;https://www.hepsiburada.com//lenovo-tab-m7-tb-7305f-16gb-7-ips-tablet-gri-za550080tr-p-HBV00000O289X
21;"Alcatel 1T 10"" 2020 32 GB WiFi Tablet Siyah";Alcatel;899,00 TL;%3;869,90 TL;% 0;869,90 TL;4,4;44 ;https://www.hepsiburada.com//alcatel-1t-10-2020-32-gb-wifi-tablet-siyah-p-HBV0000121K1C
22;"Lenovo Tab M10 HD TB-X505F 32GB 10.1"" IPS Wifi Tablet - Siyah ZA4G0072TR";Lenovo;1.399,00 TL;%18;1.149,00 TL;% 0;1.149,00 TL;4,6;324 ;https://www.hepsiburada.com//lenovo-tab-m10-hd-tb-x505f-32gb-10-1-ips-wifi-tablet-siyah-za4g0072tr-p-HBV00000PY7XJ
23;"Lenovo Tab M10 TB-X606F 128GB 10.3"" Tablet Gri ZA5T0312TR";Lenovo;2.199,00 TL;%7;2.049,00 TL;% 0;2.049,00 TL;4,7;145 ;https://www.hepsiburada.com//lenovo-tab-m10-tb-x606f-128gb-10-3-tablet-gri-za5t0312tr-p-HBV00000XKZ6F
24;"Apple iPad Mini 64GB 7.9"" Wi-Fi Retina Tablet - Uzay Grisi MUQW2TU/A";Apple;4.099,90 TL;%0;4.099,90 TL;% 0;4.099,90 TL;4,8;165 ;https://www.hepsiburada.com//apple-ipad-mini-64gb-7-9-wi-fi-retina-tablet-uzay-grisi-muqw2tu-a-p-HBV00000JVORP
25;"Samsung Galaxy Tab A SM-T510 32GB 10.1"" Tablet - Gümüþ";Samsung;2.598,64 TL;%0;2.598,64 TL;% 0;2.598,64 TL;4,8;1135 ;https://www.hepsiburada.com//samsung-galaxy-tab-a-sm-t510-32gb-10-1-tablet-gumus-p-HBV00000LLER2
26;"Apple iPad Pro 3. Nesil Wi-Fi 128 GB 11"" Tablet - Uzay Grisi MHQR3TU/A";Apple;8.599,00 TL;%1;8.498,15 TL;% 0;8.498,15 TL;5,0;15 ;https://www.hepsiburada.com//apple-ipad-pro-3-nesil-wi-fi-128-gb-11-tablet-uzay-grisi-mhqr3tu-a-p-HBCV000005L9TR
27;Samsung Galaxy Tab S7 SM-T870 128 GB Tablet;Samsung;5.799,00 TL;%16;4.899,90 TL;% 0;4.899,90 TL;4,9;324 ;https://www.hepsiburada.com//samsung-galaxy-tab-s7-sm-t870-128-gb-tablet-p-HBV00000VSEDG
28;"Lenovo Yoga Smart TAB TB-X705F 64GB 10.1"" IPS Tablet ZA3V0061TR";Lenovo;2.699,00 TL;%21;2.125,79 TL;% 0;2.125,79 TL;4,8;249 ;https://www.hepsiburada.com//lenovo-yoga-smart-tab-tb-x705f-64gb-10-1-ips-tablet-za3v0061tr-p-HBV00000UF2HH
29;"Apple iPad Pro 3. Nesil Wi-Fi 256 GB 11"" Tablet - Uzay Grisi MHQU3TU/A";Apple;9.699,00 TL;%6;9.106,98 TL;% 0;9.106,98 TL;5,0;3 ;https://www.hepsiburada.com//apple-ipad-pro-3-nesil-wi-fi-256-gb-11-tablet-uzay-grisi-mhqu3tu-a-p-HBCV000005L9TU
30;Tcl Tab 10S 3/32 GB Wýfý;TCL;1.394,86 TL;%0;1.394,86 TL;% 0;1.394,86 TL;4,0;2 ;https://www.hepsiburada.com//tcl-tab-10s-3-32-gb-wifi-p-HBCV000004M1ZV
31;"Alcatel Smart Tab 7 7"" 16 GB Wifi Tablet Siyah";Alcatel;799,00 TL;%34;529,95 TL;% 0;529,95 TL;4,1;210 ;https://www.hepsiburada.com//alcatel-smart-tab-7-7-16-gb-wifi-tablet-siyah-p-HBV00000SX668
32;Alcatel 1T 10.1” 16 GB Klavyeli Siyah;Alcatel;1.249,00 TL;%37;788,92 TL;% 0;788,92 TL;4,4;132 ;https://www.hepsiburada.com//alcatel-1t-10-1-16-gb-klavyeli-siyah-p-HBV00000P0RHB
33;"Huawei MatePad 64GB 10:4"" IPS Tablet";Huawei;2.799,00 TL;%20;2.229,78 TL;% 0;2.229,78 TL;4,4;20 ;https://www.hepsiburada.com//huawei-matepad-64gb-10-4-ips-tablet-p-HBV00000VSGNF
34;"Apple iPad Pro 5. Nesil Wi-Fi 256 GB 12.9"" Tablet - Uzay Grisi MHNH3TU/A";Apple;13.099,00 TL;%3;12.699,90 TL;% 0;12.699,90 TL;5,0;5 ;https://www.hepsiburada.com//apple-ipad-pro-5-nesil-wi-fi-256-gb-12-9-tablet-uzay-grisi-mhnh3tu-a-p-HBCV000005L9TF
35;"Lenovo M10 TB-X505F 32GB 10.1"" Tablet Beyaz ZA4G0088TR";Lenovo;1.369,00 TL;%14;1.180,88 TL;% 0;1.180,88 TL;4,9;8 ;https://www.hepsiburada.com//lenovo-m10-tb-x505f-32gb-10-1-tablet-beyaz-za4g0088tr-p-HBV000018AF83
36;"Apple iPad Pro 2.Nesil Wi-Fi 256GB 11"" Tablet - Uzay Grisi MXDC2TU/A";Apple;7.899,90 TL;%0;7.899,90 TL;% 0;7.899,90 TL;4,8;54 ;https://www.hepsiburada.com//apple-ipad-pro-2-nesil-wi-fi-256gb-11-tablet-uzay-grisi-mxdc2tu-a-p-HBV00000SS5DS
37;"Huawei MediaPad T5 16GB 10.1"" IPS Tablet";Huawei;1.399,00 TL;%21;1.098,89 TL;% 0;1.098,89 TL;4,5;230 ;https://www.hepsiburada.com//huawei-mediapad-t5-16gb-10-1-ips-tablet-p-HBV00000KD3TS
38;"Apple iPad Pro 5. Nesil Wi-Fi 128 GB 12.9"" Tablet - Uzay Grisi MHNF3TU/A";Apple;11.999,00 TL;%5;11.399,90 TL;% 0;11.399,90 TL;5,0;4 ;https://www.hepsiburada.com//apple-ipad-pro-5-nesil-wi-fi-128-gb-12-9-tablet-uzay-grisi-mhnf3tu-a-p-HBCV000005L9TC
39;"Alcatel 1T 16GB 7"" WiFi (Kýlýflý )Tablet";Alcatel;599,00 TL;%7;559,84 TL;% 0;559,84 TL;4,4;276 ;https://www.hepsiburada.com//alcatel-1t-16gb-7-wifi-kilifli-tablet-p-HBV00000VAYBL
40;"Vorcom S12 10.1"" 32GB Tablet";Vorcom;1.199,00 TL;%34;788,92 TL;% 0;788,92 TL;4,0;84 ;https://www.hepsiburada.com//vorcom-s12-10-1-32gb-tablet-p-HBV00000XJOJX
41;Huawei MatePad T10 S 64 GB (Huawei Türkiye Garantili);Huawei;2.099,00 TL;%29;1.479,85 TL;% 0;1.479,85 TL;4,6;185 ;https://www.hepsiburada.com//huawei-matepad-t10-s-64-gb-huawei-turkiye-garantili-p-HBV00000X7U6E
42;Samsung Galaxy Tab A7 Lite 32 GB (Samsung Türkiye Garantili);Samsung;1.449,00 TL;%14;1.249,90 TL;% 0;1.249,90 TL;3,0;1 ;https://www.hepsiburada.com//samsung-galaxy-tab-a7-lite-32-gb-samsung-turkiye-garantili-p-HBCV00000BVZUI
43;"Samsung Galaxy Tab 3 Lite T113 8GB 7"" Beyaz Tablet";Samsung;949,00 TL;%35;615,94 TL;% 0;615,94 TL;4,1;236 ;https://www.hepsiburada.com//samsung-galaxy-tab-3-lite-t113-8gb-7-beyaz-tablet-p-BD601324
44;"Apple iPad Air 4. Nesil 10.9"" 64 GB WiFi Cellular Tablet - MYH12TU/A";Apple;7.799,00 TL;%22;6.099,90 TL;% 0;6.099,90 TL;5,0;30 ;https://www.hepsiburada.com//apple-ipad-air-4-nesil-10-9-64-gb-wifi-cellular-tablet-myh12tu-a-p-HBV00000XAESW
45;Vestel V Tab Z1 64GB 10.1’’ IPS Tablet;Vestel;1.198,88 TL;%0;1.198,88 TL;% 0;1.198,88 TL;4,3;62 ;https://www.hepsiburada.com//vestel-v-tab-z1-64gb-10-1-ips-tablet-p-HBV0000129RQ8
46;"Apple iPad Air 4. Nesil 10.9"" 256 GB WiFi Tablet - MYFY2TU/A";Apple;7.999,00 TL;%11;7.099,89 TL;% 0;7.099,89 TL;5,0;58 ;https://www.hepsiburada.com//apple-ipad-air-4-nesil-10-9-256-gb-wifi-tablet-myfy2tu-a-p-HBV00000XAMHR
47;"Huawei MatePad T8 32GB 8"" IPS Tablet Mavi";Huawei;1.179,00 TL;%16;989,90 TL;% 0;989,90 TL;4,5;95 ;https://www.hepsiburada.com//huawei-matepad-t8-32gb-8-ips-tablet-mavi-p-HBV00000UVB76
48;"Lenovo Tab M10 Plus TB-X606F 10.3"" 128GB WiFi + Bluetooth Tablet ZA5T0276TR";Lenovo;1.998,80 TL;%0;1.998,80 TL;% 0;1.998,80 TL;4,8;39 ;https://www.hepsiburada.com//lenovo-tab-m10-plus-tb-x606f-10-3-128gb-wifi-bluetooth-tablet-za5t0276tr-p-HBV00000WWOTI
49;ALCATEL 3T 8''2020 32GB Tablet Black;Alcatel;829,00 TL;%4;799,90 TL;% 0;799,90 TL;None;;https://www.hepsiburada.com//alcatel-3t-8-2020-32gb-tablet-black-p-HBCV000001MN1X
50;"Reeder M7 Go 8GB 7"" IPS Tablet";Reeder;499,00 TL;%10;448,96 TL;% 0;448,96 TL;4,0;129 ;https://www.hepsiburada.com//reeder-m7-go-8gb-7-ips-tablet-p-HBV00000BBMCD
51;"Hometech Alfa 7 Lm 32GB 7"" IPS Tablet";Hometech;582,94 TL;%0;582,94 TL;% 0;582,94 TL;3,6;23 ;https://www.hepsiburada.com//hometech-alfa-7-lm-32gb-7-ips-tablet-p-HBV0000179W5F
52;"Apple iPad 8. Nesil 32 GB 10.2"" WiFi Cellular Tablet - MYMH2TU/A";Apple;4.899,00 TL;%9;4.459,90 TL;% 0;4.459,90 TL;4,9;58 ;https://www.hepsiburada.com//apple-ipad-8-nesil-32-gb-10-2-wifi-cellular-tablet-mymh2tu-a-p-HBV00000XAMHY
53;"Casper Via S48 8"" 32GB IPS Tablet";Casper;1.089,00 TL;%13;949,90 TL;% 0;949,90 TL;4,4;105 ;https://www.hepsiburada.com//casper-via-s48-8-32gb-ips-tablet-p-HBV00000XY7S3
54;"Lenovo Tab M10 64GB 10.3"" FHD Tablet ZA6H0015TR";Lenovo;2.499,00 TL;%28;1.798,82 TL;% 0;1.798,82 TL;4,7;19 ;https://www.hepsiburada.com//lenovo-tab-m10-64gb-10-3-fhd-tablet-za6h0015tr-p-HBV00000ZJR3G
55;"Philips M9 PRO S410J 4GB Ram 64GB Hafýza Android 9.0 10.1"" Tablet";Philips;1.548,85 TL;%0;1.548,85 TL;% 0;1.548,85 TL;4,5;40 ;https://www.hepsiburada.com//philips-m9-pro-s410j-4gb-ram-64gb-hafiza-android-9-0-10-1-tablet-p-HBV000014T39Y
56;"Apple iPad Wi-Fi 32GB 9.7"" IPS Tablet - Gri MP2F2TU/A";Apple;3.499,00 TL;%24;2.648,74 TL;% 0;2.648,74 TL;4,7;93 ;https://www.hepsiburada.com//apple-ipad-wi-fi-32gb-9-7-ips-tablet-gri-mp2f2tu-a-p-HBV000005C0AR
57;"Lenovo Tab M10 TB-X505L 32GB 10.1"" 4G IPS Tablet Siyah ZA4H0040TR";Lenovo;2.199,00 TL;%41;1.298,87 TL;% 0;1.298,87 TL;4,6;48 ;https://www.hepsiburada.com//lenovo-tab-m10-tb-x505l-32gb-10-1-4g-ips-tablet-siyah-za4h0040tr-p-HBV00000O289V
58;"Hometech ALFA-10YC 128GB 10.1"" IPS Tablet";Hometech;1.496,85 TL;%0;1.496,85 TL;% 0;1.496,85 TL;4,6;27 ;https://www.hepsiburada.com//hometech-alfa-10yc-128gb-10-1-ips-tablet-p-HBV00001CDAD3
59;"Lenovo Tab M10 TB-X606X 64GB 10.3"" WiFi 4G LTE Tablet ZA6J0006TR";Lenovo;1.898,81 TL;%0;1.898,81 TL;% 0;1.898,81 TL;4,9;11 ;https://www.hepsiburada.com//lenovo-tab-m10-tb-x606x-64gb-10-3-wifi-4g-lte-tablet-za6j0006tr-p-HBV000012G213
60;"Reeder M10S Plus 32GB 101."" IPS Tablet";Reeder;848,92 TL;%0;848,92 TL;% 0;848,92 TL;None;;https://www.hepsiburada.com//reeder-m10s-plus-32gb-101-ips-tablet-p-HBCV000006AIE4
61;"Hometech ALFA-10TB 64GB 10.4"" IPS Tablet + Klavye + Kýlýf";Hometech;1.254,87 TL;%0;1.254,87 TL;% 0;1.254,87 TL;4,3;38 ;https://www.hepsiburada.com//hometech-alfa-10tb-64gb-10-4-ips-tablet-klavye-kilif-p-HBV000011QLA7
62;"Reeder M8 Go 8GB 8"" IPS Tablet Beyaz";Reeder;599,00 TL;%11;534,95 TL;% 0;534,95 TL;3,8;124 ;https://www.hepsiburada.com//reeder-m8-go-8gb-8-ips-tablet-beyaz-p-HBV00000GUJVM
63;Alcatel A3 16GB 10'' IPS Siyah Tablet;Alcatel;698,93 TL;%0;698,93 TL;% 0;698,93 TL;2,8;15 ;https://www.hepsiburada.com//alcatel-a3-16gb-10-ips-siyah-tablet-p-HBV00000CLX5U
64;"Hometech Alfa 7 Premium 2 GB 32 GB 7"" Tablet Gri";Hometech;517,95 TL;%0;517,95 TL;% 0;517,95 TL;3,6;5 ;https://www.hepsiburada.com//hometech-alfa-7-premium-2-gb-32-gb-7-tablet-gri-p-HBV000019QX42
65;"Hometech Alfa 8st 16GB 8"" IPS Tablet";Hometech;563,78 TL;%0;563,78 TL;% 0;563,78 TL;5,0;1 ;https://www.hepsiburada.com//hometech-alfa-8st-16gb-8-ips-tablet-p-HBCV000006AJTS
66;Apple iPad Pro 5. Nesil Wi-Fi Cellular 256 GB Tablet - Uzay Grisi MHR63TU/A;Apple;14.699,00 TL;%4;14.099,90 TL;% 0;14.099,90 TL;None;;https://www.hepsiburada.com//apple-ipad-pro-5-nesil-wi-fi-cellular-256-gb-tablet-uzay-grisi-mhr63tu-a-p-HBCV000005LA5D
67;"Insignia Insiginia 32GB 10.1"" Eba Uyumlu HD IPS Tablet Siyah (NS-P10A8100)";Insignia;999,00 TL;%23;768,92 TL;% 0;768,92 TL;4,0;262 ;https://www.hepsiburada.com//insignia-insiginia-32gb-10-1-eba-uyumlu-hd-ips-tablet-siyah-ns-p10a8100-p-HBV00000TA3DA
68;"Apple iPad Pro 4.Nesil Wi-Fi 256GB 12.9"" Tablet - Gümüþ MXAU2TU/A";Apple;11.997,80 TL;%0;11.997,80 TL;% 0;11.997,80 TL;4,9;61 ;https://www.hepsiburada.com//apple-ipad-pro-4-nesil-wi-fi-256gb-12-9-tablet-gumus-mxau2tu-a-p-HBV00000SS5DO
69;"Vorcom S7 Classic 7"" 16GB Tablet";Vorcom;599,00 TL;%18;489,94 TL;% 0;489,94 TL;3,9;174 ;https://www.hepsiburada.com//vorcom-s7-classic-7-16gb-tablet-p-HBV00000VDB97
70;"Lenovo Tab M10 TB-X605FC 32GB 10.1"" IPS Tablet Siyah ZA4Y0053TR";Lenovo;1.599,00 TL;%6;1.498,85 TL;% 0;1.498,85 TL;4,8;89 ;https://www.hepsiburada.com//lenovo-tab-m10-tb-x605fc-32gb-10-1-ips-tablet-siyah-za4y0053tr-p-HBV00000Y2ABS
71;"Vorcom SX Pro 64GB 10"" IPS Tablet Siyah";Vorcom;1.175,88 TL;%0;1.175,88 TL;% 0;1.175,88 TL;4,3;264 ;https://www.hepsiburada.com//vorcom-sx-pro-64gb-10-ips-tablet-siyah-p-HBV000014L4V6
72;"Soultech TB001 2gb 16GB 7"" Tablet Siyah";Soultech;478,95 TL;%0;478,95 TL;% 0;478,95 TL;4,7;6 ;https://www.hepsiburada.com//soultech-tb001-2gb-16gb-7-tablet-siyah-p-HBCV000001B7SD
73;"Vorcom 6 GB 128 GB 10"" Ultimate Tablet";Vorcom;1.614,84 TL;%0;1.614,84 TL;% 0;1.614,84 TL;4,8;4 ;https://www.hepsiburada.com//vorcom-6-gb-128-gb-10-ultimate-tablet-p-HBCV000005LUYX
74;"Hometech Alfa 7MRC 32GB 7"" Tablet Mavi";Hometech;509,95 TL;%0;509,95 TL;% 0;509,95 TL;3,1;15 ;https://www.hepsiburada.com//hometech-alfa-7mrc-32gb-7-tablet-mavi-p-HBV000013C3OW
75;"Apple iPad 8. Nesil 128 GB 10.2"" WiFi Cellular Tablet - MYML2TU/A";Apple;5.899,00 TL;%7;5.498,45 TL;% 0;5.498,45 TL;4,9;41 ;https://www.hepsiburada.com//apple-ipad-8-nesil-128-gb-10-2-wifi-cellular-tablet-myml2tu-a-p-HBV00000XAMIJ
76;Apple iPad Pro 3. Nesil Wi-Fi Cellular 128 GB Tablet - Uzay Grisi MHW53TU/A;Apple;10.199,00 TL;%5;9.699,90 TL;% 0;9.699,90 TL;5,0;2 ;https://www.hepsiburada.com//apple-ipad-pro-3-nesil-wi-fi-cellular-128-gb-tablet-uzay-grisi-mhw53tu-a-p-HBCV000005LA5P
77;"Lenovo Tab M10 Plus 64GB 10.3"" Tablet ZA5V0230TR";Lenovo;1.999,00 TL;%1;1.969,79 TL;% 0;1.969,79 TL;4,8;13 ;https://www.hepsiburada.com//lenovo-tab-m10-plus-64gb-10-3-tablet-za5v0230tr-p-HBCV000001KJ7N
78;"Casper S20 32GB 10.1"" FHD Tablet Gri";Casper;1.499,00 TL;%13;1.309,87 TL;% 0;1.309,87 TL;4,2;512 ;https://www.hepsiburada.com//casper-s20-32gb-10-1-fhd-tablet-gri-p-HBV00000OELFX
79;Alcatel One Touch Pixi 3 8GB 10.1'' IPS Tablet - Beyaz;Alcatel;598,94 TL;%0;598,94 TL;% 0;598,94 TL;4,2;13 ;https://www.hepsiburada.com//alcatel-one-touch-pixi-3-8gb-10-1-ips-tablet-beyaz-p-HBV000004LCKB
80;"Hometech Alfa 7MRC 32GB 7"" Tablet Gold";Hometech;509,95 TL;%0;509,95 TL;% 0;509,95 TL;2,4;14 ;https://www.hepsiburada.com//hometech-alfa-7mrc-32gb-7-tablet-gold-p-HBV000012WZNU
81;"Technopc Ultrapad UP10.UP102C 10"" IPS Z8350 4GB 64GB Windows 10 Tablet";Technopc;2.785,72 TL;%0;2.785,72 TL;% 0;2.785,72 TL;4,3;3 ;https://www.hepsiburada.com//technopc-ultrapad-up10-up102c-10-ips-z8350-4gb-64gb-windows-10-tablet-p-HBV000011Q2WG
82;"Apple iPad Air 4. Nesil 10.9"" 256 GB WiFi Cellular Tablet - MYH52TU/A";Apple;9.399,00 TL;%17;7.799,89 TL;% 0;7.799,89 TL;4,9;20 ;https://www.hepsiburada.com//apple-ipad-air-4-nesil-10-9-256-gb-wifi-cellular-tablet-myh52tu-a-p-HBV00000XAMIB
83;"Hometech ALFA-10YF 128GB 10.1"" IPS Tablet";Hometech;1.214,88 TL;%0;1.214,88 TL;% 0;1.214,88 TL;4,0;2 ;https://www.hepsiburada.com//hometech-alfa-10yf-128gb-10-1-ips-tablet-p-HBV00001CDAD1
84;"Apple iPad Pro 5. Nesil Wi-Fi 512 GB 12.9"" Tablet - Uzay Grisi MHNK3TU/A";Apple;15.299,00 TL;%4;14.699,90 TL;% 0;14.699,90 TL;5,0;1 ;https://www.hepsiburada.com//apple-ipad-pro-5-nesil-wi-fi-512-gb-12-9-tablet-uzay-grisi-mhnk3tu-a-p-HBCV000005L9TI
85;Tcl Tab 10 Max 64 GB Wifi;TCL;2.298,77 TL;%0;2.298,77 TL;% 0;2.298,77 TL;5,0;2 ;https://www.hepsiburada.com//tcl-tab-10-max-64-gb-wifi-p-HBCV000007NN96
86;"Lenovo Tab M7 TB-7305F 32GB 7"" IPS Tablet ZA550238TR";Lenovo;1.169,90 TL;%21;928,91 TL;% 0;928,91 TL;4,2;86 ;https://www.hepsiburada.com//lenovo-tab-m7-tb-7305f-32gb-7-ips-tablet-za550238tr-p-HBV00000VDDBI
87;Casper VIA.L30-K 64GB 10’’ IPS Tablet + Klavye;Casper;2.314,74 TL;%5;2.198,78 TL;% 0;2.198,78 TL;None;;https://www.hepsiburada.com//casper-via-l30-k-64gb-10-ips-tablet-klavye-p-HBCV00000AT9MN
88;"Hometech 7M 16GB 7"" IPS Tablet Uzay Gri";Hometech;499,00 TL;%10;449,96 TL;% 0;449,96 TL;4,2;168 ;https://www.hepsiburada.com//hometech-7m-16gb-7-ips-tablet-uzay-gri-p-HBV00000QCLWF
89;"Lenovo Tab M7 TB-7305F 7"" 16GB Tablet Koyu Gri ZA550189TR";Lenovo;899,00 TL;%22;699,00 TL;% 0;699,00 TL;4,4;85 ;https://www.hepsiburada.com//lenovo-tab-m7-tb-7305f-7-16gb-tablet-koyu-gri-za550189tr-p-HBV00000WNFXW
90;"Hometech Ht7 7"" 8gb IPS Tablet Beyaz";Hometech;398,96 TL;%0;398,96 TL;% 0;398,96 TL;None;;https://www.hepsiburada.com//hometech-ht7-7-8gb-ips-tablet-beyaz-p-HBCV00000ADEKT
91;"CASPER VIA.S30 4GB 64GB 10"" FHD TABLET";Casper;1.893,69 TL;%5;1.798,82 TL;% 0;1.798,82 TL;4,6;172 ;https://www.hepsiburada.com//casper-via-s30-4gb-64gb-10-fhd-tablet-p-HBV000011AI9O
92;Alcatel 1T 7 2020 Wifi+4G Tablet MT8765B;Alcatel;579,00 TL;%5;549,90 TL;% 0;549,90 TL;3,0;3 ;https://www.hepsiburada.com//alcatel-1t-7-2020-wifi-4g-tablet-mt8765b-p-HBV0000198THT
93;Apple iPad Pro 5. Nesil Wi-Fi Cellular 128 GB Tablet - Uzay Grisi MHR43TU/A;Apple;13.599,00 TL;%4;13.099,90 TL;% 0;13.099,90 TL;None;;https://www.hepsiburada.com//apple-ipad-pro-5-nesil-wi-fi-cellular-128-gb-tablet-uzay-grisi-mhr43tu-a-p-HBCV000005LA5A
94;"Everest Everpad SC-730 Panda 16GB 7"" WiFi Tablet Beyaz";Everest;538,95 TL;%0;538,95 TL;% 0;538,95 TL;4,0;27 ;https://www.hepsiburada.com//everest-everpad-sc-730-panda-16gb-7-wifi-tablet-beyaz-p-HBV00000OHDCA
95;"Lenovo Tab M10 HD TB-X505F 32GB 10.1"" IPS Wifi Tablet - Siyah ZA590015TR";Lenovo;1.449,00 TL;%21;1.148,89 TL;% 0;1.148,89 TL;None;;https://www.hepsiburada.com//lenovo-tab-m10-hd-tb-x505f-32gb-10-1-ips-wifi-tablet-siyah-za590015tr-p-HBV0000120XQG
96;"CASPER VIA.S30 4GB 64GB 10"" FHD TABLET";Casper;1.893,69 TL;%5;1.798,82 TL;% 0;1.798,82 TL;4,6;172 ;https://www.hepsiburada.com//casper-via-s30-4gb-64gb-10-fhd-tablet-p-HBV000011AI9O
97;"Lenovo Tab M10 HD TB-X505F 32GB 10.1"" IPS Wifi Tablet - Siyah ZA590015TR";Lenovo;1.449,00 TL;%21;1.148,89 TL;% 0;1.148,89 TL;None;;https://www.hepsiburada.com//lenovo-tab-m10-hd-tb-x505f-32gb-10-1-ips-wifi-tablet-siyah-za590015tr-p-HBV0000120XQG
98;"Hometech Alfa 7MRC 32 GB 7"" Tablet Gri";Hometech;509,95 TL;%0;509,95 TL;% 0;509,95 TL;3,0;30 ;https://www.hepsiburada.com//hometech-alfa-7mrc-32-gb-7-tablet-gri-p-HBV000012WZNW
99;Apple iPad Pro 3. Nesil Wi-Fi Cellular 256 GB Tablet - Uzay Grisi MHW73TU/A;Apple;11.299,00 TL;%5;10.699,90 TL;% 0;10.699,90 TL;None;;https://www.hepsiburada.com//apple-ipad-pro-3-nesil-wi-fi-cellular-256-gb-tablet-uzay-grisi-mhw73tu-a-p-HBCV000005LA5S
100;"Samsung Galaxy Tab E T560 8GB 9.6"" Tablet";Samsung;1.899,00 TL;%32;1.298,87 TL;% 0;1.298,87 TL;4,2;258 ;https://www.hepsiburada.com//samsung-galaxy-tab-e-t560-8gb-9-6-tablet-p-BD601536-S
101;"Lenovo Tab M10 HD 32GB 10.1"" Wi-Fi Tablet - Gri ZA6W0008TR";Lenovo;1.304,51 TL;%0;1.304,51 TL;% 0;1.304,51 TL;None;;https://www.hepsiburada.com//lenovo-tab-m10-hd-32gb-10-1-wi-fi-tablet-gri-za6w0008tr-p-HBCV00000C76TR
102;"Alfa 8mrc 32GB 8"" IPS Tablet";Hometech;714,93 TL;%0;714,93 TL;% 0;714,93 TL;5,0;1 ;https://www.hepsiburada.com//alfa-8mrc-32gb-8-ips-tablet-p-HBCV000006KE1E
103;"Apple iPad Pro 4.Nesil Wi-Fi 128GB 12.9"" Tablet - Gümüþ MY2J2TU/A";Apple;10.997,90 TL;%0;10.997,90 TL;% 0;10.997,90 TL;5,0;96 ;https://www.hepsiburada.com//apple-ipad-pro-4-nesil-wi-fi-128gb-12-9-tablet-gumus-my2j2tu-a-p-HBV00000SS5E0
104;Alcatel A3 16GB 10'' IPS Ýkisi Bir Arada Tablet Beyaz;Alcatel;749,00 TL;%7;698,93 TL;% 0;698,93 TL;2,7;3 ;https://www.hepsiburada.com//alcatel-a3-16gb-10-ips-ikisi-bir-arada-tablet-beyaz-p-HBV00000BBMCB
105;"Casper L20 64GB 10.1"" FHD 4.5G Tablet Gri";Casper;2.699,00 TL;%37;1.699,90 TL;% 0;1.699,90 TL;4,2;143 ;https://www.hepsiburada.com//casper-l20-64gb-10-1-fhd-4-5g-tablet-gri-p-HBV00000OELFZ
106;"Huawei Mediapad T3 32GB 9.6"" IPS Tablet";Huawei;1.299,00 TL;%8;1.191,88 TL;% 0;1.191,88 TL;4,7;79 ;https://www.hepsiburada.com//huawei-mediapad-t3-32gb-9-6-ips-tablet-p-HBV00000R37N1
107;"Hometech Alfa 7MRC 32GB 7"" Tablet Siyah";Hometech;509,95 TL;%0;509,95 TL;% 0;509,95 TL;3,5;8 ;https://www.hepsiburada.com//hometech-alfa-7mrc-32gb-7-tablet-siyah-p-HBV000013C3OY
108;"Lenovo Tab M8 TB-8505F 32GB 8"" IPS Tablet Gri ZA5G0100TR";Lenovo;1.499,00 TL;%25;1.118,89 TL;% 0;1.118,89 TL;4,6;352 ;https://www.hepsiburada.com//lenovo-tab-m8-tb-8505f-32gb-8-ips-tablet-gri-za5g0100tr-p-HBV00000T538N
109;"Samsung Galaxy Tab S5e SM-T720 64GB 10.5""Tablet Siyah";Samsung;3.999,00 TL;%5;3.798,62 TL;% 0;3.798,62 TL;4,8;436 ;https://www.hepsiburada.com//samsung-galaxy-tab-s5e-sm-t720-64gb-10-5-tablet-siyah-p-HBV00000NLE22
110;"Samsung Galaxy Tab Active Pro SM-T547 64 GB 10.1"" Tablet";Samsung;4.358,56 TL;%0;4.358,56 TL;% 0;4.358,56 TL;5,0;1 ;https://www.hepsiburada.com//samsung-galaxy-tab-active-pro-sm-t547-64-gb-10-1-tablet-p-HBV00001AVT0U
111;"Apple iPad Mini 256GB 7.9"" Wi-Fi Retina Tablet - Uzay Grisi MUU32TU/A";Apple;5.399,90 TL;%0;5.399,90 TL;% 0;5.399,90 TL;4,7;9 ;https://www.hepsiburada.com//apple-ipad-mini-256gb-7-9-wi-fi-retina-tablet-uzay-grisi-muu32tu-a-p-HBV00000JVORY
112;"Philips M9 S410J 3GB Ram 32GB Hafýza Android 9.0 10.1"" Tablet";Philips;1.319,87 TL;%0;1.319,87 TL;% 0;1.319,87 TL;4,1;49 ;https://www.hepsiburada.com//philips-m9-s410j-3gb-ram-32gb-hafiza-android-9-0-10-1-tablet-p-HBV0000118RIP
113;CASPER VIA.L30 4GB 64GB 4G 10’’ FHD TABLET;Casper;2.120,00 TL;%8;1.939,81 TL;% 0;1.939,81 TL;4,5;80 ;https://www.hepsiburada.com//casper-via-l30-4gb-64gb-4g-10-fhd-tablet-p-HBV000011AI9M
114;"Vorcom S7 Pro 4 GB 64 GB 7"" Tablet";Vorcom;879,91 TL;%0;879,91 TL;% 0;879,91 TL;4,2;6 ;https://www.hepsiburada.com//vorcom-s7-pro-4-gb-64-gb-7-tablet-p-HBCV0000037NSS
115;"Vestel V Tab 7810 8GB 7"" IPS Tablet";Vestel;899,00 TL;%22;698,93 TL;% 0;698,93 TL;4,4;34 ;https://www.hepsiburada.com//vestel-v-tab-7810-8gb-7-ips-tablet-p-HBV00000CE4EI
116;"Samsung Galaxy Tab A T287 8GB 7"" Tablet";Samsung;1.799,72 TL;%0;1.799,72 TL;% 0;1.799,72 TL;4,1;21 ;https://www.hepsiburada.com//samsung-galaxy-tab-a-t287-8gb-7-tablet-p-BD602189-S
117;"Samsung Galaxy Tab A6 T280Q 8GB 7"" Tablet";Samsung;1.499,75 TL;%0;1.499,75 TL;% 0;1.499,75 TL;4,3;129 ;https://www.hepsiburada.com//samsung-galaxy-tab-a6-t280q-8gb-7-tablet-p-BD602228-B
118;"Vankyo Matrixpad Z4 2gb 32GB HDD IPS Hd Ekran 10"" Tablet";Vankyo;898,91 TL;%0;898,91 TL;% 0;898,91 TL;None;;https://www.hepsiburada.com//vankyo-matrixpad-z4-2gb-32gb-hdd-ips-hd-ekran-10-tablet-p-HBCV000004B29L
119;"Reeder M7 Plus 8GB 7"" IPS Tablet";Reeder;448,96 TL;%0;448,96 TL;% 0;448,96 TL;4,0;35 ;https://www.hepsiburada.com//reeder-m7-plus-8gb-7-ips-tablet-p-HBV0000081EW6
120;"Vorcom S8 Pro 64GB 8"" Tablet";Vorcom;1.098,89 TL;%0;1.098,89 TL;% 0;1.098,89 TL;4,0;41 ;https://www.hepsiburada.com//vorcom-s8-pro-64gb-8-tablet-p-HBV00001AT7G2
121;"iPad 7. Nesil 10.2"" 32 GB Wifi Tablet MW762TU/A";Apple;3.599,00 TL;%3;3.498,65 TL;% 0;3.498,65 TL;4,8;585 ;https://www.hepsiburada.com//ipad-7-nesil-10-2-32-gb-wifi-tablet-mw762tu-a-p-HBV00000NWESZ
122;"Reeder M7 Plus 8GB 7"" IPS Tablet";Reeder;448,96 TL;%0;448,96 TL;% 0;448,96 TL;4,0;35 ;https://www.hepsiburada.com//reeder-m7-plus-8gb-7-ips-tablet-p-HBV0000081EW6
123;"Vankyo Matrixpad Z4 2gb 32GB HDD IPS Hd Ekran 10"" Tablet";Vankyo;898,91 TL;%0;898,91 TL;% 0;898,91 TL;None;;https://www.hepsiburada.com//vankyo-matrixpad-z4-2gb-32gb-hdd-ips-hd-ekran-10-tablet-p-HBCV000004B29L
124;"Vorcom S8 Classic 32GB 8"" Tablet";Vorcom;788,91 TL;%0;788,91 TL;% 0;788,91 TL;4,5;15 ;https://www.hepsiburada.com//vorcom-s8-classic-32gb-8-tablet-p-HBCV000002KZSV
125;"Apple iPad Pro 4.Nesil Wi-Fi Cellular 512GB 12.9"" Tablet - Gümüþ MXF82TU/A";Apple;14.997,50 TL;%0;14.997,50 TL;% 0;14.997,50 TL;5,0;7 ;https://www.hepsiburada.com//apple-ipad-pro-4-nesil-wi-fi-cellular-512gb-12-9-tablet-gumus-mxf82tu-a-p-HBV00000SS5CV
126;"Jedi Pro 32GB 10"" IPS Tablet Beyaz";Jedi;809,92 TL;%0;809,92 TL;% 0;809,92 TL;4,0;1 ;https://www.hepsiburada.com//jedi-pro-32gb-10-ips-tablet-beyaz-p-HBV00000U1WZW
127;"Lenovo TAB M10 10.1"" 32GB 4G LTE Tablet Siyah ZA490043TR";Lenovo;2.698,73 TL;%0;2.698,73 TL;% 0;2.698,73 TL;4,5;75 ;https://www.hepsiburada.com//lenovo-tab-m10-10-1-32gb-4g-lte-tablet-siyah-za490043tr-p-HBV00000NXPNT
128;"Asus Memo Pad 7 FE7010CG 8 Gb 7"" 3G+Wifi Tablet";Asus;699,00 TL;%14;598,94 TL;% 0;598,94 TL;4,0;3 ;https://www.hepsiburada.com//asus-memo-pad-7-fe7010cg-8-gb-7-3g-wifi-tablet-p-BDASUSFE7010CG
129;"Samsung Galaxy Tab A T287 8GB 7"" Tablet";Samsung;1.799,72 TL;%0;1.799,72 TL;% 0;1.799,72 TL;4,1;21 ;https://www.hepsiburada.com//samsung-galaxy-tab-a-t287-8gb-7-tablet-p-BD602189-S
130;"Samsung Galaxy Tab A6 T280Q 8GB 7"" Tablet";Samsung;1.499,75 TL;%0;1.499,75 TL;% 0;1.499,75 TL;4,3;129 ;https://www.hepsiburada.com//samsung-galaxy-tab-a6-t280q-8gb-7-tablet-p-BD602228-B
131;"Apple iPad Pro 2.Nesil Wi-Fi Cellular 256GB 12.9"" Tablet - Gümüþ MXF62TU/A";Apple;12.997,70 TL;%0;12.997,70 TL;% 0;12.997,70 TL;4,7;6 ;https://www.hepsiburada.com//apple-ipad-pro-2-nesil-wi-fi-cellular-256gb-12-9-tablet-gumus-mxf62tu-a-p-HBV00000SS5D0
132;"Casper S38 Plus 3GB 32GB 8"" IPS Tablet Mavi";Casper;1.499,00 TL;%34;988,90 TL;% 0;988,90 TL;4,1;233 ;https://www.hepsiburada.com//casper-s38-plus-3gb-32gb-8-ips-tablet-mavi-p-HBV00000U6S0W
133;"Lenovo TAB M10 TB-X606X 4G 64GB 10.3"" 4G LTE Tablet - Gri ZA5V0270TR";Lenovo;2.799,00 TL;%11;2.498,75 TL;% 0;2.498,75 TL;4,6;55 ;https://www.hepsiburada.com//lenovo-tab-m10-tb-x606x-4g-64gb-10-3-4g-lte-tablet-gri-za5v0270tr-p-HBV00000XAMGZ
134;"Hometech Alfa 8MY 32GB 8"" 3G Tablet";Hometech;1.096,79 TL;%0;1.096,79 TL;% 0;1.096,79 TL;2,0;2 ;https://www.hepsiburada.com//hometech-alfa-8my-32gb-8-3g-tablet-p-HBV000013C3W6
135;"Everest Everpad SC-735 Happy Kids 7"" 16GB WiFi Kýrmýzý Tablet";Everest;632,84 TL;%0;632,84 TL;% 0;632,84 TL;3,4;190 ;https://www.hepsiburada.com//everest-everpad-sc-735-happy-kids-7-16gb-wifi-kirmizi-tablet-p-HBV00000P0RHH
136;"Apple iPad Pro 4.Nesil Wi-Fi Cellular 128GB 12.9"" Tablet - Gümüþ MY3D2TU/A";Apple;12.388,76 TL;%0;12.388,76 TL;% 0;12.388,76 TL;5,0;16 ;https://www.hepsiburada.com//apple-ipad-pro-4-nesil-wi-fi-cellular-128gb-12-9-tablet-gumus-my3d2tu-a-p-HBV00000SS5DC
137;"Apple iPad Pro 4.Nesil Wi-Fi 512GB 12.9"" Tablet - Gümüþ MXAW2TU/A";Apple;12.349,00 TL;%3;11.997,80 TL;% 0;11.997,80 TL;4,8;6 ;https://www.hepsiburada.com//apple-ipad-pro-4-nesil-wi-fi-512gb-12-9-tablet-gumus-mxaw2tu-a-p-HBV00000SS5DI
138;"Lenovo TAB M10 32GB 10.1"" 4G LTE Tablet Siyah ZA500072TR";Lenovo;1.998,80 TL;%0;1.998,80 TL;% 0;1.998,80 TL;5,0;1 ;https://www.hepsiburada.com//lenovo-tab-m10-32gb-10-1-4g-lte-tablet-siyah-za500072tr-p-HBV000018Z4AQ
139;"Lenovo Tab3 TB3-850F 16GB 8"" IPS Tablet MT8161P";Lenovo;1.038,90 TL;%0;1.038,90 TL;% 0;1.038,90 TL;5,0;1 ;https://www.hepsiburada.com//lenovo-tab3-tb3-850f-16gb-8-ips-tablet-mt8161p-p-HBV000011BCTR
140;"Apple iPad 6.Nesil 32GB 9.7"" Wi-Fi + Cellular 4G IPS Tablet - Altýn MRM02TU/A";Apple;3.898,61 TL;%0;3.898,61 TL;% 0;3.898,61 TL;4,7;14 ;https://www.hepsiburada.com//apple-ipad-6-nesil-32gb-9-7-wi-fi-cellular-4g-ips-tablet-altin-mrm02tu-a-p-HBV00000BR0XR
141;"Everest EverPad DC-7015 16GB 7"" Tablet Beyaz";Everest;649,00 TL;%15;552,68 TL;% 15;469,04 TL;3,7;62 ;https://www.hepsiburada.com//everest-everpad-dc-7015-16gb-7-tablet-beyaz-p-HBV00000SF2YD
142;"Teclast MediaPad P80X 32GB + 3GB 8"" IPS Ekran Siyah Tablet (Yurt Dýþýndan)";Teclast;2.142,00 TL;%0;2.142,00 TL;% 0;2.142,00 TL;None;;https://www.hepsiburada.com//teclast-mediapad-p80x-32gb-3gb-8-ips-ekran-siyah-tablet-yurt-disindan-p-HBV00000XFJOM
143;"iPad 7. Nesil 32 GB 10.2"" Wifi + Cellular Tablet  MW6A2TU/A";Apple;4.299,00 TL;%12;3.798,62 TL;% 0;3.798,62 TL;4,9;30 ;https://www.hepsiburada.com//ipad-7-nesil-32-gb-10-2-wifi-cellular-tablet-mw6a2tu-a-p-HBV00000NWESL
144;"Concord C-708 7"" 16GB 3G IPS Tablet Gri";Concord;594,94 TL;%0;594,94 TL;% 0;594,94 TL;3,5;15 ;https://www.hepsiburada.com//concord-c-708-7-16gb-3g-ips-tablet-gri-p-HBV00000SW95U
145;"Everest EverPad DC-7015 16GB 7"" Tablet Beyaz";Everest;649,00 TL;%15;552,68 TL;% 15;469,04 TL;3,7;62 ;https://www.hepsiburada.com//everest-everpad-dc-7015-16gb-7-tablet-beyaz-p-HBV00000SF2YD
146;Elephone Winnovo T1 7” 2GB Ram 32GB Tablet Mavi;Elephone;648,94 TL;%0;648,94 TL;% 0;648,94 TL;None;;https://www.hepsiburada.com//elephone-winnovo-t1-7-2gb-ram-32gb-tablet-mavi-p-HBV000017C2VX
147;"Reeder M7S 7"" 8GB Tablet Wifi + 3G SimKart";Reeder;699,00 TL;%1;689,83 TL;% 0;689,83 TL;4,0;305 ;https://www.hepsiburada.com//reeder-m7s-7-8gb-tablet-wifi-3g-simkart-p-HBV00000J2MEL
148;"Lenovo Tab M8 TB-8505F 32GB 8"" IPS Tablet ZA620016TR";Lenovo;1.499,00 TL;%30;1.049,90 TL;% 0;1.049,90 TL;4,9;12 ;https://www.hepsiburada.com//lenovo-tab-m8-tb-8505f-32gb-8-ips-tablet-za620016tr-p-HBV00000YQV8E
149;"Concord C-779 Range S 7"" 16GB IPS Tablet";Concord;588,94 TL;%0;588,94 TL;% 0;588,94 TL;3,0;5 ;https://www.hepsiburada.com//concord-c-779-range-s-7-16gb-ips-tablet-p-HBV00000UM84P
150;"Technopc Ultrapad UP10.SI21LA 10"" 2GB 16GB 4G Android 10.0 Tablet";Spreadtrum;1.273,17 TL;%0;1.273,17 TL;% 0;1.273,17 TL;5,0;1 ;https://www.hepsiburada.com//technopc-ultrapad-up10-si21la-10-2gb-16gb-4g-android-10-0-tablet-p-HBV000011Q5EP
151;"Apple iPad Pro 5. Nesil Wi-Fi 1 TB 12.9"" Tablet - Gümüþ MHNN3TU/A";Apple;19.699,00 TL;%3;19.199,90 TL;% 0;19.199,90 TL;None;;https://www.hepsiburada.com//apple-ipad-pro-5-nesil-wi-fi-1-tb-12-9-tablet-gumus-mhnn3tu-a-p-HBCV000005L9TM
152;Samsung Galaxy Tab S7 FE LTE 64 GB (Samsung Türkiye Garantili);Samsung;5.198,48 TL;%0;5.198,48 TL;% 0;5.198,48 TL;None;;https://www.hepsiburada.com//samsung-galaxy-tab-s7-fe-lte-64-gb-samsung-turkiye-garantili-p-HBCV00000BVZUV
153;Lenovo TB-X104F TAB 2G+16GBL-TR ZA470013TR;Lenovo;1.098,89 TL;%0;1.098,89 TL;% 0;1.098,89 TL;4,6;60 ;https://www.hepsiburada.com//lenovo-tb-x104f-tab-2g-16gbl-tr-za470013tr-p-HBV0000132MWP
154;"Everest 154M 7"" Çocuk Akýllý Saat + Tablet Çift Kamera Pembe 1GB DDR3 1.3GHz x4 8GB Android 6.0 Çocuk Tablet Pc";Everest;699,92 TL;%0;699,92 TL;% 0;699,92 TL;3,9;60 ;https://www.hepsiburada.com//everest-154m-7-cocuk-akilli-saat-tablet-cift-kamera-pembe-1gb-ddr3-1-3ghz-x4-8gb-android-6-0-cocuk-tablet-pc-p-HBV00000BJHF7
155;"Stormax SMX-T701W 16GB 7"" Tablet";Stormax;2.728,56 TL;%0;2.728,56 TL;% 0;2.728,56 TL;None;;https://www.hepsiburada.com//stormax-smx-t701w-16gb-7-tablet-p-BD600060
156;"Vestel V Tab 7"" Lite III Tablet";Vestel;498,95 TL;%0;498,95 TL;% 0;498,95 TL;3,8;13 ;https://www.hepsiburada.com//vestel-v-tab-7-lite-iii-tablet-p-BDVESVTAB7LITE3
157;"Lenovo Tab3 A7-10F 8GB 7"" IPS Tablet - Siyah ZA0R0001TR";Lenovo;999,00 TL;%35;648,94 TL;% 0;648,94 TL;4,3;155 ;https://www.hepsiburada.com//lenovo-tab3-a7-10f-8gb-7-ips-tablet-siyah-za0r0001tr-p-HBV000001HB5U
158;"Casper Via T27 Intel Atom Z3735G 16GB 7"" IPS Tablet";Casper;1.198,88 TL;%0;1.198,88 TL;% 0;1.198,88 TL;3,6;27 ;https://www.hepsiburada.com//casper-via-t27-intel-atom-z3735g-16gb-7-ips-tablet-p-BD601345
159;Vankyo Matrixpad S8 Tablet 32GB 8'' IPS Tablet;Vankyo;728,93 TL;%0;728,93 TL;% 0;728,93 TL;None;;https://www.hepsiburada.com//vankyo-matrixpad-s8-tablet-32gb-8-ips-tablet-p-HBCV000005UCA7
160;"Samsung Galaxy Tab 3 Lite T116 8GB 7"" 3G Siyah Tablet";Samsung;1.299,00 TL;%6;1.217,88 TL;% 0;1.217,88 TL;4,2;8 ;https://www.hepsiburada.com//samsung-galaxy-tab-3-lite-t116-8gb-7-3g-siyah-tablet-p-BD601382-S
161;"Samsung Galaxy Tab 3 Lite T113 8GB 7"" Siyah Tablet";Samsung;1.098,89 TL;%0;1.098,89 TL;% 0;1.098,89 TL;4,3;147 ;https://www.hepsiburada.com//samsung-galaxy-tab-3-lite-t113-8gb-7-siyah-tablet-p-BD601351
162;"Apple iPad Pro 32GB 9.7"" WiFi Uzay Grisi Retina Ekranlý Tablet MLMN2TU/A";Apple;4.599,00 TL;%13;3.998,60 TL;% 0;3.998,60 TL;5,0;2 ;https://www.hepsiburada.com//apple-ipad-pro-32gb-9-7-wifi-uzay-grisi-retina-ekranli-tablet-mlmn2tu-a-p-BD602169-UG
163;"Teclast MediaPad T30 64GB + 4GB 10.1"" IPS Ekran Siyah Tablet (Yurt Dýþýndan)";Teclast;4.990,83 TL;%0;4.990,83 TL;% 0;4.990,83 TL;None;;https://www.hepsiburada.com//teclast-mediapad-t30-64gb-4gb-10-1-ips-ekran-siyah-tablet-yurt-disindan-p-HBV00000XFJOO
164;"Alldocube Mediapad M5XS 32GB + 3GB 10.1"" Tablet Siyah (Yurt Dýþýndan)";Alldocube;3.691,10 TL;%0;3.691,10 TL;% 0;3.691,10 TL;None;;https://www.hepsiburada.com//alldocube-mediapad-m5xs-32gb-3gb-10-1-tablet-siyah-yurt-disindan-p-HBV00000X7YFE
165;"Lenovo Tab E7 TB-7104F 8GB 7"" Wi-Fi Tablet - Siyah ZA400019TR";Lenovo;899,81 TL;%0;899,81 TL;% 0;899,81 TL;4,0;99 ;https://www.hepsiburada.com//lenovo-tab-e7-tb-7104f-8gb-7-wi-fi-tablet-siyah-za400019tr-p-HBV00000M1BC3
166;"Lenovo Tab E10 TB-X104F 32GB 10.1"" IPS Tablet Siyah ZA470059TR";Lenovo;1.898,81 TL;%0;1.898,81 TL;% 0;1.898,81 TL;4,4;360 ;https://www.hepsiburada.com//lenovo-tab-e10-tb-x104f-32gb-10-1-ips-tablet-siyah-za470059tr-p-HBV00000JRNBT
167;"Hometech Alfa 10LM 32GB 10.1"" IPS Tablet";Hometech;931,81 TL;%0;931,81 TL;% 0;931,81 TL;4,6;12 ;https://www.hepsiburada.com//hometech-alfa-10lm-32gb-10-1-ips-tablet-p-HBV0000179WCQ
168;"Teclast MediaPad T30 64GB + 4GB 10.1"" IPS Ekran Siyah Tablet (Yurt Dýþýndan)";Teclast;4.990,83 TL;%0;4.990,83 TL;% 0;4.990,83 TL;None;;https://www.hepsiburada.com//teclast-mediapad-t30-64gb-4gb-10-1-ips-ekran-siyah-tablet-yurt-disindan-p-HBV00000XFJOO
169;"Alldocube Mediapad M5XS 32GB + 3GB 10.1"" Tablet Siyah (Yurt Dýþýndan)";Alldocube;3.691,10 TL;%0;3.691,10 TL;% 0;3.691,10 TL;None;;https://www.hepsiburada.com//alldocube-mediapad-m5xs-32gb-3gb-10-1-tablet-siyah-yurt-disindan-p-HBV00000X7YFE
170;"Concord C-754 Pie 10.1"" 64GB 4.5G IPS Tablet Altýn";Concord;1.328,87 TL;%0;1.328,87 TL;% 0;1.328,87 TL;4,4;8 ;https://www.hepsiburada.com//concord-c-754-pie-10-1-64gb-4-5g-ips-tablet-altin-p-HBV00000SNWCR
171;"Hometech Alfa 10LM 32GB 10.1"" IPS Tablet";Hometech;931,81 TL;%0;931,81 TL;% 0;931,81 TL;4,6;12 ;https://www.hepsiburada.com//hometech-alfa-10lm-32gb-10-1-ips-tablet-p-HBV0000179WCQ
172;"Samsung SM-T820 32GB 9.7"" UHD Tablet - Siyah";Samsung;3.799,00 TL;%14;3.248,68 TL;% 0;3.248,68 TL;4,5;26 ;https://www.hepsiburada.com//samsung-sm-t820-32gb-9-7-uhd-tablet-siyah-p-HBV000004Z0EA
173;"Apple iPad Pro 2.Nesil Wi-Fi Cellular 1TB 11"" Tablet - Uzay Grisi MXE82TU/A";Apple;13.649,00 TL;%1;13.497,65 TL;% 0;13.497,65 TL;5,0;1 ;https://www.hepsiburada.com//apple-ipad-pro-2-nesil-wi-fi-cellular-1tb-11-tablet-uzay-grisi-mxe82tu-a-p-HBV00000SS5DA
174;"Apple iPad Pro 2.Nesil Wi-Fi 512GB 11"" Tablet - Gümüþ MXDF2TU/A";Apple;10.349,00 TL;%12;9.098,09 TL;% 0;9.098,09 TL;5,0;4 ;https://www.hepsiburada.com//apple-ipad-pro-2-nesil-wi-fi-512gb-11-tablet-gumus-mxdf2tu-a-p-HBV00000SS5DL
175;"Piranha 8032 32GB 8"" Tablet Siyah";Piranha;758,92 TL;%0;758,92 TL;% 0;758,92 TL;4,1;13 ;https://www.hepsiburada.com//piranha-8032-32gb-8-tablet-siyah-p-HBV000013C46M
176;"Lenovo Tab E10 TB-X104F 32GB 10.1"" IPS Tablet Siyah ZA470059TR";Lenovo;1.898,81 TL;%0;1.898,81 TL;% 0;1.898,81 TL;4,4;360 ;https://www.hepsiburada.com//lenovo-tab-e10-tb-x104f-32gb-10-1-ips-tablet-siyah-za470059tr-p-HBV00000JRNBT
177;Vestel V Tab 7020A 8GB 7'' IPS Tablet;Vestel;898,91 TL;%0;898,91 TL;% 0;898,91 TL;2,5;24 ;https://www.hepsiburada.com//vestel-v-tab-7020a-8gb-7-ips-tablet-p-HBV000008KXAJ
178;Sunny SN7016 16GB 7'' IPS Tablet;Sunny;488,95 TL;%0;488,95 TL;% 0;488,95 TL;None;;https://www.hepsiburada.com//sunny-sn7016-16gb-7-ips-tablet-p-HBCV000006AIK9
179;"Wenn Tab 32GB 8"" IPS Tablet";Wenn;718,93 TL;%0;718,93 TL;% 0;718,93 TL;None;;https://www.hepsiburada.com//wenn-tab-32gb-8-ips-tablet-p-HBCV00000625ET
180;"Sunny SN7016 7"" 16GB IPS Tablet";Sunny;549,00 TL;%15;468,95 TL;% 0;468,95 TL;3,1;7 ;https://www.hepsiburada.com//sunny-sn7016-7-16gb-ips-tablet-p-HBV00000VFJ77
181;"Sunny SN-7014 8GB 7"" Tablet";Sunny;598,94 TL;%0;598,94 TL;% 0;598,94 TL;4,5;2 ;https://www.hepsiburada.com//sunny-sn-7014-8gb-7-tablet-p-HBV00000ABT80
182;"Osmart A100 32GB 1,5 Ghz 10.1"" Tablet";Osmart;827,91 TL;%0;827,91 TL;% 0;827,91 TL;None;;https://www.hepsiburada.com//osmart-a100-32gb-1-5-ghz-10-1-tablet-p-HBCV000002GLB2
183;"Lenovo Tab E7 TB-7104F 8GB 7"" Wi-Fi Tablet - Siyah ZA400019TR";Lenovo;899,81 TL;%0;899,81 TL;% 0;899,81 TL;4,0;99 ;https://www.hepsiburada.com//lenovo-tab-e7-tb-7104f-8gb-7-wi-fi-tablet-siyah-za400019tr-p-HBV00000M1BC3
184;"Enthalpy Q8A100 32GB 7"" Tablet (Yurt Dýþýndan)";Enthalpy;917,35 TL;%0;917,35 TL;% 0;917,35 TL;None;;https://www.hepsiburada.com//enthalpy-q8a100-32gb-7-tablet-yurt-disindan-p-HBCV00000DMMHM
185;"Ixtech Ix 1013 32GB 10.1"" Tablet";Ýxtech;1.098,89 TL;%0;1.098,89 TL;% 0;1.098,89 TL;None;;https://www.hepsiburada.com//ixtech-ix-1013-32gb-10-1-tablet-p-HBCV00000BTUGW
186;"Everest EverPad DC-1032 10.1"" 32GB WiFi + Bluetooth 4.1 IPS Tablet Beyaz";Everest;1.298,87 TL;%0;1.298,87 TL;% 0;1.298,87 TL;None;;https://www.hepsiburada.com//everest-everpad-dc-1032-10-1-32gb-wifi-bluetooth-4-1-ips-tablet-beyaz-p-HBV00000XYG00
187;"Concord C-754 Pie 10.1"" 64GB 4.5G IPS Tablet Gri";Concord;1.328,87 TL;%0;1.328,87 TL;% 0;1.328,87 TL;4,3;6 ;https://www.hepsiburada.com//concord-c-754-pie-10-1-64gb-4-5g-ips-tablet-gri-p-HBV00000SNWCP
188;"Jedi Pro S7 7"" 16GB Tablet Beyaz";Jedi;548,95 TL;%0;548,95 TL;% 0;548,95 TL;None;;https://www.hepsiburada.com//jedi-pro-s7-7-16gb-tablet-beyaz-p-HBV000014NZL5
189;"Techstorm Winpad P01 2021 64GB 8"" IPS Tablet";Techstorm;2.048,80 TL;%0;2.048,80 TL;% 0;2.048,80 TL;None;;https://www.hepsiburada.com//techstorm-winpad-p01-2021-64gb-8-ips-tablet-p-HBCV00000DP8TV
190;"Casper Via T27 Intel Atom Z3735G 16GB 7"" IPS Tablet";Casper;1.198,88 TL;%0;1.198,88 TL;% 0;1.198,88 TL;3,6;27 ;https://www.hepsiburada.com//casper-via-t27-intel-atom-z3735g-16gb-7-ips-tablet-p-BD601345
191;"Ixtech IX1012 64GB 10.1"" Tablet";Ýxtech;1.574,84 TL;%0;1.574,84 TL;% 0;1.574,84 TL;None;;https://www.hepsiburada.com//ixtech-ix1012-64gb-10-1-tablet-p-HBCV000001IS7K
192;"Lenovo Tab 7 Essential 8GB 7"" Tablet ZA300114TR";Lenovo;887,91 TL;%0;887,91 TL;% 0;887,91 TL;4,2;91 ;https://www.hepsiburada.com//lenovo-tab-7-essential-8gb-7-tablet-za300114tr-p-HBV00000B00N0
193;"Lenovo Tab E8 16GB 8"" IPS Tablet ZA3W0081TR";Lenovo;1.110,89 TL;%0;1.110,89 TL;% 0;1.110,89 TL;4,3;132 ;https://www.hepsiburada.com//lenovo-tab-e8-16gb-8-ips-tablet-za3w0081tr-p-HBV00000TVRF7
194;"Huawei MediaPad 7 Youth 8GB 7"" WiFi + Cellular Tablet";Huawei;998,90 TL;%0;998,90 TL;% 0;998,90 TL;None;;https://www.hepsiburada.com//huawei-mediapad-7-youth-8gb-7-wifi-cellular-tablet-p-HBV000018QN53
195;"Enthalpy Q8A100 32GB 7"" Tablet (Yurt Dýþýndan)";Enthalpy;917,35 TL;%0;917,35 TL;% 0;917,35 TL;None;;https://www.hepsiburada.com//enthalpy-q8a100-32gb-7-tablet-yurt-disindan-p-HBCV00000DMMHM
196;"Everest EverPad DC-1032 10.1"" 32GB WiFi + Bluetooth 4.1 IPS Tablet Beyaz";Everest;1.298,87 TL;%0;1.298,87 TL;% 0;1.298,87 TL;None;;https://www.hepsiburada.com//everest-everpad-dc-1032-10-1-32gb-wifi-bluetooth-4-1-ips-tablet-beyaz-p-HBV00000XYG00
197;"Ixtech Ix 1013 32GB 10.1"" Tablet";Ýxtech;1.098,89 TL;%0;1.098,89 TL;% 0;1.098,89 TL;None;;https://www.hepsiburada.com//ixtech-ix-1013-32gb-10-1-tablet-p-HBCV00000BTUGW
198;"Concord C-754 Pie 10.1"" 64GB 4.5G IPS Tablet Gri";Concord;1.328,87 TL;%0;1.328,87 TL;% 0;1.328,87 TL;4,3;6 ;https://www.hepsiburada.com//concord-c-754-pie-10-1-64gb-4-5g-ips-tablet-gri-p-HBV00000SNWCP
199;"Jedi Pro S7 7"" 16GB Tablet Beyaz";Jedi;548,95 TL;%0;548,95 TL;% 0;548,95 TL;None;;https://www.hepsiburada.com//jedi-pro-s7-7-16gb-tablet-beyaz-p-HBV000014NZL5
200;"Techstorm Winpad P01 2021 64GB 8"" IPS Tablet";Techstorm;2.048,80 TL;%0;2.048,80 TL;% 0;2.048,80 TL;None;;https://www.hepsiburada.com//techstorm-winpad-p01-2021-64gb-8-ips-tablet-p-HBCV00000DP8TV
201;"Hometech 10T 10"" 16GB IPS Tablet + Kýlýf";Hometech;1.299,00 TL;%35;847,92 TL;% 0;847,92 TL;2,8;5 ;https://www.hepsiburada.com//hometech-10t-10-16gb-ips-tablet-kilif-p-HBV00000W5VQZ
202;"Reeder M10 Go 8GB Wi-Fi IPS 10.1"" Tablet Beyaz";Reeder;979,00 TL;%27;713,20 TL;% 0;713,20 TL;4,2;84 ;https://www.hepsiburada.com//reeder-m10-go-8gb-wi-fi-ips-10-1-tablet-beyaz-p-HBV00000TIOF2
203;"Alldocube MediaPad IPLAY10 Pro 32GB + 3GB 10.1"" IPS Ekran Siyah Tablet (Yurt Dýþýndan)";Alldocube;4.610,81 TL;%0;4.610,81 TL;% 0;4.610,81 TL;None;;https://www.hepsiburada.com//alldocube-mediapad-iplay10-pro-32gb-3gb-10-1-ips-ekran-siyah-tablet-yurt-disindan-p-HBV00000XFJOG
204;"Jedi Eco Pro 16GB 7"" Wi-Fi Tablet - Siyah";Jedi;648,94 TL;%0;648,94 TL;% 0;648,94 TL;3,8;16 ;https://www.hepsiburada.com//jedi-eco-pro-16gb-7-wi-fi-tablet-siyah-p-HBV00000TLJI4
205;"Exper Easypad T7C 16GB 7"" IPS Tablet (Exper Türkiye Garantili)";Exper;799,82 TL;%0;799,82 TL;% 0;799,82 TL;3,7;29 ;https://www.hepsiburada.com//exper-easypad-t7c-16gb-7-ips-tablet-exper-turkiye-garantili-p-HBV0000042TEY
206;"Philips M8 S408J 3GB Ram 32GB Hafýza Android 9.0 8"" Tablet";Philips;1.198,88 TL;%0;1.198,88 TL;% 0;1.198,88 TL;None;;https://www.hepsiburada.com//philips-m8-s408j-3gb-ram-32gb-hafiza-android-9-0-8-tablet-p-HBV000014T3A6
207;"Wenn Tab 16GB 7"" IPS Tablet";Wenn;648,94 TL;%0;648,94 TL;% 0;648,94 TL;None;;https://www.hepsiburada.com//wenn-tab-16gb-7-ips-tablet-p-HBCV00000625ER
208;"Alcatel Pixi 4 8GB 7"" Tablet - Siyah";Alcatel;859,81 TL;%0;859,81 TL;% 0;859,81 TL;4,3;95 ;https://www.hepsiburada.com//alcatel-pixi-4-8gb-7-tablet-siyah-p-HBV00000ANKCR
209;"Casper S38 16GB 8"" IPS Tablet - Mavi";Casper;1.299,00 TL;%8;1.198,88 TL;% 0;1.198,88 TL;4,2;240 ;https://www.hepsiburada.com//casper-s38-16gb-8-ips-tablet-mavi-p-HBV00000M3A11
210;Alcatel 1t 10'' 16 GB Premium Siyah Tablet;Alcatel;793,92 TL;%0;793,92 TL;% 0;793,92 TL;4,0;141 ;https://www.hepsiburada.com//alcatel-1t-10-16-gb-premium-siyah-tablet-p-HBV00000PO6T3
211;"Huawei MatePad Pro 128GB 10.8"" IPS Tablet";Huawei;5.488,45 TL;%0;5.488,45 TL;% 0;5.488,45 TL;4,2;68 ;https://www.hepsiburada.com//huawei-matepad-pro-128gb-10-8-ips-tablet-p-HBV00000TJ23T
212;"Everest EverPad DC-1032 10.1"" 32GB WiFi+Bluetooth Tablet";Everest;1.399,00 TL;%25;1.049,90 TL;% 0;1.049,90 TL;2,0;1 ;https://www.hepsiburada.com//everest-everpad-dc-1032-10-1-32gb-wifi-bluetooth-tablet-p-HBV00000XY7NU
213;"TechnoPC UltraPad UP10.S43LA 32GB 10.1"" Tablet";Technopc;1.653,11 TL;%0;1.653,11 TL;% 0;1.653,11 TL;None;;https://www.hepsiburada.com//technopc-ultrapad-up10-s43la-32gb-10-1-tablet-p-HBCV00000CZQZ7
214;"Everest Digiland DL7006-KB 7"" 8GB IPS WiFi Tablet Mavi";Everest;699,00 TL;%29;498,95 TL;% 0;498,95 TL;None;;https://www.hepsiburada.com//everest-digiland-dl7006-kb-7-8gb-ips-wifi-tablet-mavi-p-HBV00000P0RHJ
215;Everest Everpad Dc-1106 7.85 Ips 1Gb Ddr3 Ýntel Çift Çekirdek 8Gb Çift Kamera Android 4.2.2 Tablet Pc;Everest;1.198,88 TL;%0;1.198,88 TL;% 0;1.198,88 TL;None;;https://www.hepsiburada.com//everest-everpad-dc-1106-7-85-ips-1gb-ddr3-intel-cift-cekirdek-8gb-cift-kamera-android-4-2-2-tablet-pc-p-HBV0000099GJ1
216;"Exper Easypad T7C 8GB 7"" IPS Tablet";Exper;799,82 TL;%0;799,82 TL;% 0;799,82 TL;5,0;2 ;https://www.hepsiburada.com//exper-easypad-t7c-8gb-7-ips-tablet-p-HBV00000A0BM6
217;"Redway 7 16 GB 7"" Android 9.0 GO Edition Wifi Tablet";Redway;499,00 TL;%10;448,96 TL;% 0;448,96 TL;2,2;7 ;https://www.hepsiburada.com//redway-7-16-gb-7-android-9-0-go-edition-wifi-tablet-p-HBV00000W7H4B
218;"Quadro Soft Touch 102 32GB 10.1"" IPS Tablet";Quadro;1.586,84 TL;%0;1.586,84 TL;% 0;1.586,84 TL;None;;https://www.hepsiburada.com//quadro-soft-touch-102-32gb-10-1-ips-tablet-p-HBV00001BM39V
219;"Reeder M10S 8GB 10.1"" Tablet Beyaz";Reeder;1.298,87 TL;%0;1.298,87 TL;% 0;1.298,87 TL;4,0;55 ;https://www.hepsiburada.com//reeder-m10s-8gb-10-1-tablet-beyaz-p-HBV00000O0WMP
220;"Hometech 8st 16 GB 8"" Tablet Beyaz";Hometech;774,92 TL;%0;774,92 TL;% 0;774,92 TL;None;;https://www.hepsiburada.com//hometech-8st-16-gb-8-tablet-beyaz-p-HBCV000002240A
221;Wenn Pro 10“ 32GB Tablet Siyah;Wenn;1.048,90 TL;%0;1.048,90 TL;% 0;1.048,90 TL;2,0;1 ;https://www.hepsiburada.com//wenn-pro-10-32gb-tablet-siyah-p-HBV000014O0H4
222;"General Mobile E-Tab 20 64GB 10.1"" IPS Tablet";General Mobile;1.598,84 TL;%0;1.598,84 TL;% 0;1.598,84 TL;None;;https://www.hepsiburada.com//general-mobile-e-tab-20-64gb-10-1-ips-tablet-p-HBCV0000079WAH
223;"Apple iPad Pro 2.Nesil Wi-Fi Cellular 512GB 11"" Tablet - Gümüþ MXE72TU/A";Apple;11.749,00 TL;%4;11.246,88 TL;% 0;11.246,88 TL;5,0;3 ;https://www.hepsiburada.com//apple-ipad-pro-2-nesil-wi-fi-cellular-512gb-11-tablet-gumus-mxe72tu-a-p-HBV00000SS5CX
224;"Lenovo Tab M10 32GB 10.1"" 4G Tablet ZA5A0012TR";Lenovo;1.358,86 TL;%0;1.358,86 TL;% 0;1.358,86 TL;4,4;30 ;https://www.hepsiburada.com//lenovo-tab-m10-32gb-10-1-4g-tablet-za5a0012tr-p-HBV0000111DXM
225;"Samsung Galaxy Tab S6 T860 Wifi 128GB 10.6"" Tablet Duman Grisi";Samsung;5.499,00 TL;%4;5.298,47 TL;% 0;5.298,47 TL;4,6;29 ;https://www.hepsiburada.com//samsung-galaxy-tab-s6-t860-wifi-128gb-10-6-tablet-duman-grisi-p-HBV00000N21ZB
226;"Huawei MatePad T8 16GB 8"" IPS Tablet Mavi";Huawei;1.179,00 TL;%21;928,91 TL;% 0;928,91 TL;4,4;38 ;https://www.hepsiburada.com//huawei-matepad-t8-16gb-8-ips-tablet-mavi-p-HBV00000UUE1W
227;"Apple iPad Pro 2.Nesil Wi-Fi Cellular 128GB 11"" Tablet - Gümüþ MY2W2TU/A";Apple;8.998,10 TL;%0;8.998,10 TL;% 0;8.998,10 TL;4,4;13 ;https://www.hepsiburada.com//apple-ipad-pro-2-nesil-wi-fi-cellular-128gb-11-tablet-gumus-my2w2tu-a-p-HBV00000SS5DF
228;"Lenovo Tab M10 HD TB-X505F 32GB 10.1"" IPS Wi-Fi Tablet - Siyah ZA590015TR";Lenovo;1.348,87 TL;%0;1.348,87 TL;% 0;1.348,87 TL;5,0;2 ;https://www.hepsiburada.com//lenovo-tab-m10-hd-tb-x505f-32gb-10-1-ips-wi-fi-tablet-siyah-za590015tr-p-HBV000014CTWP
229;Everest Everpad R706 7'' 8 GB Tablet Mavi;Everest;469,85 TL;%0;469,85 TL;% 0;469,85 TL;None;;https://www.hepsiburada.com//everest-everpad-r706-7-8-gb-tablet-mavi-p-HBV000017FUTC
230;"AmazonFire 32GB 10.1"" Tablet";Amazon;1.398,86 TL;%0;1.398,86 TL;% 0;1.398,86 TL;None;;https://www.hepsiburada.com//amazonfire-32gb-10-1-tablet-p-HBCV000001CQUG
231;"Technopc UltraPad UP10.SI46LA 64GB 10"" IPS Tablet";Spreadtrum;1.348,87 TL;%0;1.348,87 TL;% 0;1.348,87 TL;2,0;2 ;https://www.hepsiburada.com//technopc-ultrapad-up10-si46la-64gb-10-ips-tablet-p-HBV000011Q5EK
232;Wenn Tab 8'' 16 GB Android Tablet;Wenn;799,00 TL;%2;784,82 TL;% 0;784,82 TL;4,8;4 ;https://www.hepsiburada.com//wenn-tab-8-16-gb-android-tablet-p-HBV00000XJSUI
233;"Denver TAQ-10283 16GB 10.1"" Tablet";Denver;688,93 TL;%0;688,93 TL;% 0;688,93 TL;None;;https://www.hepsiburada.com//denver-taq-10283-16gb-10-1-tablet-p-HBV0000182WKT
234;"Goldmaster Funcy 3 8"" 8GB IPS Tablet Beyaz";Goldmaster;488,95 TL;%0;488,95 TL;% 0;488,95 TL;1,0;1 ;https://www.hepsiburada.com//goldmaster-funcy-3-8-8gb-ips-tablet-beyaz-p-HBV00000WTHBH
235;Everest Everpad Dc-2016 7 Ips 1Gb Ddr3 1.3Ghz X4 8Gb Çift Kamera Android 5.1 Lollipop Tablet Pc;Everest;699,92 TL;%0;699,92 TL;% 0;699,92 TL;None;;https://www.hepsiburada.com//everest-everpad-dc-2016-7-ips-1gb-ddr3-1-3ghz-x4-8gb-cift-kamera-android-5-1-lollipop-tablet-pc-p-HBV0000099GKJ
236;"iPad 7. Nesil 128 GB 10.2""  Wifi+Cellular Tablet  MW6G2TU/A";Apple;5.498,45 TL;%0;5.498,45 TL;% 0;5.498,45 TL;4,9;12 ;https://www.hepsiburada.com//ipad-7-nesil-128-gb-10-2-wifi-cellular-tablet-mw6g2tu-a-p-HBV00000NWEST
237;"TechnoPC UltraPad UP07.S21GA 16GB 7"" Tablet";Technopc;763,80 TL;%0;763,80 TL;% 0;763,80 TL;None;;https://www.hepsiburada.com//technopc-ultrapad-up07-s21ga-16gb-7-tablet-p-HBCV00000CZQZ9
238;Denver TAQ-10283 1GB+16GB Android 8.1go 1.3ghz Dört Çekirdekli 10.1'' Tablet;Denver;718,93 TL;%0;718,93 TL;% 0;718,93 TL;None;;https://www.hepsiburada.com//denver-taq-10283-1gb-16gb-android-8-1go-1-3ghz-dort-cekirdekli-10-1-tablet-p-HBV000013W8M3
239;"Apple iPad Pro Wi-Fi 64GB 12.9"" Tablet - Uzay Grisi MTEL2TU/A";Apple;9.449,00 TL;%3;9.148,09 TL;% 0;9.148,09 TL;4,7;16 ;https://www.hepsiburada.com//apple-ipad-pro-wi-fi-64gb-12-9-tablet-uzay-grisi-mtel2tu-a-p-HBV00000FH2RW
240;"Huawei MediaPad T3 16GB 7"" IPS Tablet Gri";Huawei;1.099,00 TL;%11;978,90 TL;% 0;978,90 TL;3,7;49 ;https://www.hepsiburada.com//huawei-mediapad-t3-16gb-7-ips-tablet-gri-p-HBV00000I9YVX
241;"Ixtech IX701 7"" 16GB Tablet Siyah";Ýxtech;627,94 TL;%0;627,94 TL;% 0;627,94 TL;None;;https://www.hepsiburada.com//ixtech-ix701-7-16gb-tablet-siyah-p-HBCV00000BABSH
242;"C5 Mobile NOA 8GB 7"" 4G IPS Tablet";C5 Electronics;498,95 TL;%0;498,95 TL;% 0;498,95 TL;1,0;3 ;https://www.hepsiburada.com//c5-mobile-noa-8gb-7-4g-ips-tablet-p-HBV000008PYH5
243;"Concord TP32E 32GB 7"" IPS Tablet + Ekran Koruyucu";Concord;698,93 TL;%0;698,93 TL;% 0;698,93 TL;None;;https://www.hepsiburada.com//concord-tp32e-32gb-7-ips-tablet-ekran-koruyucu-p-HBCV000009EQJS
244;"Hometech Alfa 10MD 10"" 32GB 3g IPS Tablet";Hometech;848,92 TL;%0;848,92 TL;% 0;848,92 TL;None;;https://www.hepsiburada.com//hometech-alfa-10md-10-32gb-3g-ips-tablet-p-HBCV000008Q55W
245;"Techstorm Winpad P01 2021 64GB 8"" IPS Tablet";Techstorm;2.048,80 TL;%0;2.048,80 TL;% 0;2.048,80 TL;None;;https://www.hepsiburada.com//techstorm-winpad-p01-2021-64gb-8-ips-tablet-p-HBCV00000DP8TV
246;"Enthalpy Q8A100 32GB 7"" Tablet (Yurt Dýþýndan)";Enthalpy;917,35 TL;%0;917,35 TL;% 0;917,35 TL;None;;https://www.hepsiburada.com//enthalpy-q8a100-32gb-7-tablet-yurt-disindan-p-HBCV00000DMMHM
247;"Everest EverPad DC-1032 10.1"" 32GB WiFi + Bluetooth 4.1 IPS Tablet Beyaz";Everest;1.298,87 TL;%0;1.298,87 TL;% 0;1.298,87 TL;None;;https://www.hepsiburada.com//everest-everpad-dc-1032-10-1-32gb-wifi-bluetooth-4-1-ips-tablet-beyaz-p-HBV00000XYG00
248;"Concord C-754 Pie 10.1"" 64GB 4.5G IPS Tablet Gri";Concord;1.328,87 TL;%0;1.328,87 TL;% 0;1.328,87 TL;4,3;6 ;https://www.hepsiburada.com//concord-c-754-pie-10-1-64gb-4-5g-ips-tablet-gri-p-HBV00000SNWCP
249;"Ixtech Ix 1013 32GB 10.1"" Tablet";Ýxtech;1.098,89 TL;%0;1.098,89 TL;% 0;1.098,89 TL;None;;https://www.hepsiburada.com//ixtech-ix-1013-32gb-10-1-tablet-p-HBCV00000BTUGW
250;"Jedi Pro S7 7"" 16GB Tablet Beyaz";Jedi;548,95 TL;%0;548,95 TL;% 0;548,95 TL;None;;https://www.hepsiburada.com//jedi-pro-s7-7-16gb-tablet-beyaz-p-HBV000014NZL5
251;"ASRES SIM kartlý 10.1"" Tablet";Asres;1.492,85 TL;%0;1.492,85 TL;% 0;1.492,85 TL;4,0;1 ;https://www.hepsiburada.com//asres-sim-kartli-10-1-tablet-p-HBCV000002NWBP
252;"Technopc Ultrapad UP10.S43LA 10"" 4GB 32GB 4G Android 10 Tablet";Rockchip;1.148,89 TL;%0;1.148,89 TL;% 0;1.148,89 TL;1,0;1 ;https://www.hepsiburada.com//technopc-ultrapad-up10-s43la-10-4gb-32gb-4g-android-10-tablet-p-HBV000011Q5ES
253;"AmazonFire 32GB 10.1"" Tablet";Amazon;1.398,86 TL;%0;1.398,86 TL;% 0;1.398,86 TL;None;;https://www.hepsiburada.com//amazonfire-32gb-10-1-tablet-p-HBCV000001CQUG
254;"Technopc UltraPad UP10.SI46LA 64GB 10"" IPS Tablet";Spreadtrum;1.348,87 TL;%0;1.348,87 TL;% 0;1.348,87 TL;2,0;2 ;https://www.hepsiburada.com//technopc-ultrapad-up10-si46la-64gb-10-ips-tablet-p-HBV000011Q5EK
255;Everest Everpad R706 7'' 8 GB Tablet Mavi;Everest;469,85 TL;%0;469,85 TL;% 0;469,85 TL;None;;https://www.hepsiburada.com//everest-everpad-r706-7-8-gb-tablet-mavi-p-HBV000017FUTC
256;Wenn Tab 8'' 16 GB Android Tablet;Wenn;799,00 TL;%2;784,82 TL;% 0;784,82 TL;4,8;4 ;https://www.hepsiburada.com//wenn-tab-8-16-gb-android-tablet-p-HBV00000XJSUI
257;"Lenovo Tab M10 HD TB-X505F 32GB 10.1"" IPS Wi-Fi Tablet - Siyah ZA590015TR";Lenovo;1.348,87 TL;%0;1.348,87 TL;% 0;1.348,87 TL;5,0;2 ;https://www.hepsiburada.com//lenovo-tab-m10-hd-tb-x505f-32gb-10-1-ips-wi-fi-tablet-siyah-za590015tr-p-HBV000014CTWP
258;"Denver TAQ-10283 16GB 10.1"" Tablet";Denver;688,93 TL;%0;688,93 TL;% 0;688,93 TL;None;;https://www.hepsiburada.com//denver-taq-10283-16gb-10-1-tablet-p-HBV0000182WKT
259;Everest Everpad Dc-2016 7 Ips 1Gb Ddr3 1.3Ghz X4 8Gb Çift Kamera Android 5.1 Lollipop Tablet Pc;Everest;699,92 TL;%0;699,92 TL;% 0;699,92 TL;None;;https://www.hepsiburada.com//everest-everpad-dc-2016-7-ips-1gb-ddr3-1-3ghz-x4-8gb-cift-kamera-android-5-1-lollipop-tablet-pc-p-HBV0000099GKJ
260;"iPad 7. Nesil 128 GB 10.2""  Wifi+Cellular Tablet  MW6G2TU/A";Apple;5.498,45 TL;%0;5.498,45 TL;% 0;5.498,45 TL;4,9;12 ;https://www.hepsiburada.com//ipad-7-nesil-128-gb-10-2-wifi-cellular-tablet-mw6g2tu-a-p-HBV00000NWEST
261;"Goldmaster Funcy 3 8"" 8GB IPS Tablet Beyaz";Goldmaster;488,95 TL;%0;488,95 TL;% 0;488,95 TL;1,0;1 ;https://www.hepsiburada.com//goldmaster-funcy-3-8-8gb-ips-tablet-beyaz-p-HBV00000WTHBH
262;"TechnoPC UltraPad UP07.S21GA 16GB 7"" Tablet";Technopc;763,80 TL;%0;763,80 TL;% 0;763,80 TL;None;;https://www.hepsiburada.com//technopc-ultrapad-up07-s21ga-16gb-7-tablet-p-HBCV00000CZQZ9
263;Denver TAQ-10283 1GB+16GB Android 8.1go 1.3ghz Dört Çekirdekli 10.1'' Tablet;Denver;718,93 TL;%0;718,93 TL;% 0;718,93 TL;None;;https://www.hepsiburada.com//denver-taq-10283-1gb-16gb-android-8-1go-1-3ghz-dort-cekirdekli-10-1-tablet-p-HBV000013W8M3
264;"Workmate WM-ZX80 Dgps 4gb 64GB 8"" Hassas Gps Endüstriyel Tablet";Wmate;26.487,35 TL;%0;26.487,35 TL;% 0;26.487,35 TL;None;;https://www.hepsiburada.com//workmate-wm-zx80-dgps-4gb-64gb-8-hassas-gps-endustriyel-tablet-p-HBCV00000BUYMU
265;Elephone Winnovo T2 10” 2GB Ram 32GB Tablet Gri;Elephone;948,91 TL;%0;948,91 TL;% 0;948,91 TL;None;;https://www.hepsiburada.com//elephone-winnovo-t2-10-2gb-ram-32gb-tablet-gri-p-HBV000017C2W1
266;"Workmate WM-ZX100 Dgps 4gb 64GB 8"" 10.1"" Hassas Gps Endüstriyel Tablet";Wmate;31.486,85 TL;%0;31.486,85 TL;% 0;31.486,85 TL;None;;https://www.hepsiburada.com//workmate-wm-zx100-dgps-4gb-64gb-8-10-1-hassas-gps-endustriyel-tablet-p-HBCV00000BUYMS
267;"Reeder A8i Q2 16GB 8"" IPS Tablet - Gümüþ";Reeder;899,00 TL;%28;648,94 TL;% 0;648,94 TL;4,0;35 ;https://www.hepsiburada.com//reeder-a8i-q2-16gb-8-ips-tablet-gumus-p-HBV000009KULC
268;"TechnoPC UltraPad UP10.SI21WA 16"" 10.1"" Wi-Fi Tablet";Technopc;1.134,99 TL;%0;1.134,99 TL;% 0;1.134,99 TL;None;;https://www.hepsiburada.com//technopc-ultrapad-up10-si21wa-16-10-1-wi-fi-tablet-p-HBCV00000CZQZ3
269;"Techstorm Winpad P02 Intel Celeron N4120 8GB 128GB Windows 10 Pro 11.6"" Tablet + Klavye + Kalem";Techstorm;3.998,60 TL;%0;3.998,60 TL;% 0;3.998,60 TL;5,0;3 ;https://www.hepsiburada.com//techstorm-winpad-p02-intel-celeron-n4120-8gb-128gb-windows-10-pro-11-6-tablet-klavye-kalem-p-HBV00001C4AL9
270;"Everest XMARS EW-2020 32GB 7"" Wi-Fi Mavi Tablet";Everest;899,00 TL;%18;733,13 TL;% 10;659,25 TL;3,7;7 ;https://www.hepsiburada.com//everest-xmars-ew-2020-32gb-7-wi-fi-mavi-tablet-p-HBV000015TOZX
271;"Sunny SN10016 10"" 16 GB IPS Tablet";Sunny;748,93 TL;%0;748,93 TL;% 0;748,93 TL;None;;https://www.hepsiburada.com//sunny-sn10016-10-16-gb-ips-tablet-p-HBCV0000002DJA
272;"Technopc Ultrapad UP10.SS23WA 10"" 2GB 32GB Wifi Android 9 Tablet";Rockchip;1.341,87 TL;%0;1.341,87 TL;% 0;1.341,87 TL;None;;https://www.hepsiburada.com//technopc-ultrapad-up10-ss23wa-10-2gb-32gb-wifi-android-9-tablet-p-HBV000011Q5ED
273;Everest Everpad DC-M700 7'' 2gb 16GB Android 10.0 Tablet;Everest;665,52 TL;%0;665,52 TL;% 0;665,52 TL;2,0;1 ;https://www.hepsiburada.com//everest-everpad-dc-m700-7-2gb-16gb-android-10-0-tablet-p-HBV00000ZKTCF
274;"Qpad Qpad7004sýyah Qpad Qpad7004 7"" Dual Core 4Gb 512Mb 2Xcam Wi-Fi Android 4.4";Qpad;3.398,66 TL;%0;3.398,66 TL;% 0;3.398,66 TL;None;;https://www.hepsiburada.com//qpad-qpad7004siyah-qpad-qpad7004-7-dual-core-4gb-512mb-2xcam-wi-fi-android-4-4-p-BDORHQPAD7004SIYAH
275;"Technopc Ultrapad UP07.S21GA 7"" 2GB 16GB 3G Android 10 Tablet";Rockchip;752,44 TL;%0;752,44 TL;% 0;752,44 TL;None;;https://www.hepsiburada.com//technopc-ultrapad-up07-s21ga-7-2gb-16gb-3g-android-10-tablet-p-HBV000011Q5F4
276;"Workmate WM-UX82 4gb 64GB 8"" Endüstriyel Tablet";Wmate;16.988,30 TL;%0;16.988,30 TL;% 0;16.988,30 TL;None;;https://www.hepsiburada.com//workmate-wm-ux82-4gb-64gb-8-endustriyel-tablet-p-HBCV00000BUXWA
277;"Gigaset QV830 8GB 8"" IPS Tablet";Gigaset;998,90 TL;%0;998,90 TL;% 0;998,90 TL;1,0;1 ;https://www.hepsiburada.com//gigaset-qv830-8gb-8-ips-tablet-p-HBV000008C0V9
278;"Apple iPad Pro 3. Nesil Wi-Fi 512 GB 11"" Tablet - Uzay Grisi MHQW3TU/A";Apple;11.899,00 TL;%5;11.299,90 TL;% 0;11.299,90 TL;None;;https://www.hepsiburada.com//apple-ipad-pro-3-nesil-wi-fi-512-gb-11-tablet-uzay-grisi-mhqw3tu-a-p-HBCV000005L9TX
279;"TechnoPC UltraPad UP10.S21LA 16GB 10"" Tablet";Technopc;1.273,17 TL;%0;1.273,17 TL;% 0;1.273,17 TL;None;;https://www.hepsiburada.com//technopc-ultrapad-up10-s21la-16gb-10-tablet-p-HBCV00000CZQZ5
280;"Hometech Alfa-8SL 16GB 8"" Wi-Fi Tablet - Gümüþ";Hometech;524,95 TL;%0;524,95 TL;% 0;524,95 TL;3,7;7 ;https://www.hepsiburada.com//hometech-alfa-8sl-16gb-8-wi-fi-tablet-gumus-p-HBV000014RWOB
281;"Everest Winner Pro EW-2021 16GB 7"" Wi-Fi Kýrmýzý Tablet";Everest;759,00 TL;%11;676,68 TL;% 16;565,14 TL;3,2;5 ;https://www.hepsiburada.com//everest-winner-pro-ew-2021-16gb-7-wi-fi-kirmizi-tablet-p-HBV000015TMVI
282;"Smarttab HD ST7160BK 16GB 7"" Tablet";Smarttab;548,95 TL;%0;548,95 TL;% 0;548,95 TL;None;;https://www.hepsiburada.com//smarttab-hd-st7160bk-16gb-7-tablet-p-HBV000011CZ6F
283;"Chuwi MediaPad Ubook 256GB + 8GB 11.6"" Tablet Uzay Grisi (Yurt Dýþýndan)";Chuwi;8.409,28 TL;%0;8.409,28 TL;% 0;8.409,28 TL;None;;https://www.hepsiburada.com//chuwi-mediapad-ubook-256gb-8gb-11-6-tablet-uzay-grisi-yurt-disindan-p-HBV00000XFJOK
284;"Everest EverPad R706 8GB 7"" IPS Tablet + Kýlýf";Everest;489,85 TL;%0;489,85 TL;% 0;489,85 TL;None;;https://www.hepsiburada.com//everest-everpad-r706-8gb-7-ips-tablet-kilif-p-HBV000013SKY0
285;"Apple iPad Air 3 64GB 10.5"" Wi-Fi+ Cellular Retina Tablet - Uzay Grisi MV0D2TU/A";Apple;5.698,43 TL;%0;5.698,43 TL;% 0;5.698,43 TL;4,9;7 ;https://www.hepsiburada.com//apple-ipad-air-3-64gb-10-5-wi-fi-cellular-retina-tablet-uzay-grisi-mv0d2tu-a-p-HBV00000JVORN
286;"Hometech Alfa 8RX 16GB 8"" IPS Tablet Siyah";Hometech;898,91 TL;%0;898,91 TL;% 0;898,91 TL;3,1;9 ;https://www.hepsiburada.com//hometech-alfa-8rx-16gb-8-ips-tablet-siyah-p-HBV00000OHDPQ
287;"TechnoPC UltraPad UP10.S36LA 64GB 10"" Tablet";Technopc;1.670,32 TL;%0;1.670,32 TL;% 0;1.670,32 TL;None;;https://www.hepsiburada.com//technopc-ultrapad-up10-s36la-64gb-10-tablet-p-HBCV00000CZQZ1
288;"TechnoPC UltraPad UP10.SI21WA 16"" 10.1"" Wi-Fi Tablet";Technopc;1.134,99 TL;%0;1.134,99 TL;% 0;1.134,99 TL;None;;https://www.hepsiburada.com//technopc-ultrapad-up10-si21wa-16-10-1-wi-fi-tablet-p-HBCV00000CZQZ3
289;"Techstorm Winpad P02 Intel Celeron N4120 8GB 128GB Windows 10 Pro 11.6"" Tablet + Klavye + Kalem";Techstorm;3.998,60 TL;%0;3.998,60 TL;% 0;3.998,60 TL;5,0;3 ;https://www.hepsiburada.com//techstorm-winpad-p02-intel-celeron-n4120-8gb-128gb-windows-10-pro-11-6-tablet-klavye-kalem-p-HBV00001C4AL9
290;"Everest XMARS EW-2020 32GB 7"" Wi-Fi Mavi Tablet";Everest;899,00 TL;%18;733,13 TL;% 10;659,25 TL;3,7;7 ;https://www.hepsiburada.com//everest-xmars-ew-2020-32gb-7-wi-fi-mavi-tablet-p-HBV000015TOZX
291;"Qpad Qpad7004sýyah Qpad Qpad7004 7"" Dual Core 4Gb 512Mb 2Xcam Wi-Fi Android 4.4";Qpad;3.398,66 TL;%0;3.398,66 TL;% 0;3.398,66 TL;None;;https://www.hepsiburada.com//qpad-qpad7004siyah-qpad-qpad7004-7-dual-core-4gb-512mb-2xcam-wi-fi-android-4-4-p-BDORHQPAD7004SIYAH
292;Everest EVERPAD DC-8015 Beyaz Wifi + BT4.0 Çift Kamera 1024*600 IPS 2GB 1.0Ghz 2G+16GB 7Android 10.0 GO GMS;Everest;779,00 TL;%28;558,83 TL;% 0;558,83 TL;2,4;6 ;https://www.hepsiburada.com//everest-everpad-dc-8015-beyaz-wifi-bt4-0-cift-kamera-1024-600-ips-2gb-1-0ghz-2g-16gb-7android-10-0-go-gms-p-HBV000015UZUP
293;"Ultrapad Quad Core Cortex A7 1.3GHz 1GB 8GB 9"" Wi-Fi Android 5.1 UP918";Ultrapad;727,32 TL;%0;727,32 TL;% 0;727,32 TL;1,0;1 ;https://www.hepsiburada.com//ultrapad-quad-core-cortex-a7-1-3ghz-1gb-8gb-9-wi-fi-android-5-1-up918-p-BD802633
294;Everest EVERPAD DC-8015 EBA Kýrmýzý Wifi+BT4.0 Çift Kamera 1024*600 TN 2GB 1.0Ghz 2G+16GB 7''Android 10;Everest;769,00 TL;%9;699,30 TL;% 10;629,36 TL;1,5;2 ;https://www.hepsiburada.com//everest-everpad-dc-8015-eba-kirmizi-wifi-bt4-0-cift-kamera-1024-600-tn-2gb-1-0ghz-2g-16gb-7-android-10-p-HBCV000002RAPF
295;"Hometech Pro Tab 16GB 7"" Tablet";Hometech;249,00 TL;%100;0,00 TL (0,00 TL/adet);% 0;0,00 TL;4,0;2 ;https://www.hepsiburada.com//hometech-pro-tab-16gb-7-tablet-p-HBV000002LQA4
296;"Apple iPad Mini 256GB 7.9"" Wi-Fi + Cellular Retina Tablet -Uzay Grisi MUXC2TU/A";Apple;6.399,00 TL;%100;0,00 TL (0,00 TL/adet);% 0;0,00 TL;5,0;2 ;https://www.hepsiburada.com//apple-ipad-mini-256gb-7-9-wi-fi-cellular-retina-tablet-uzay-grisi-muxc2tu-a-p-HBV00000JVOSB
297;"Apple iPad Pro 32GB 9.7"" WiFi+4G Altýn Retina Ekranlý Tablet MLPY2TU/A";Apple;5.499,00 TL;%100;0,00 TL (0,00 TL/adet);% 0;0,00 TL;5,0;1 ;https://www.hepsiburada.com//apple-ipad-pro-32gb-9-7-wifi-4g-altin-retina-ekranli-tablet-mlpy2tu-a-p-BD602172-ALTIN
298;"Inca Astro 16GB 10.1"" IPS Beyaz Tablet + 4 Adet Aksesuar Hediye";Inca;0,00 TL;%0;0,00 TL (0,00 TL/adet);% 0;0,00 TL;4,5;56 ;https://www.hepsiburada.com//inca-astro-16gb-10-1-ips-beyaz-tablet-4-adet-aksesuar-hediye-p-BD302721
299;"Samsung Galaxy Tab E T562 8GB 9.6"" 3G Tablet";Samsung;2.199,00 TL;%100;0,00 TL (0,00 TL/adet);% 0;0,00 TL;4,0;26 ;https://www.hepsiburada.com//samsung-galaxy-tab-e-t562-8gb-9-6-3g-tablet-p-BD602127-S
300;"Apple iPad Mini 16GB 7.9"" Wi-fi + 4G Siyah Tablet MD540TU/A";Apple;1.369,00 TL;%100;0,00 TL (0,00 TL/adet);% 0;0,00 TL;4,0;3 ;https://www.hepsiburada.com//apple-ipad-mini-16gb-7-9-wi-fi-4g-siyah-tablet-md540tu-a-p-BD40708
301;"Samsung Galaxy Tab S2 T813 32Gb 9.7"" Tablet";Samsung;1.799,00 TL;%100;0,00 TL (0,00 TL/adet);% 0;0,00 TL;4,5;44 ;https://www.hepsiburada.com//samsung-galaxy-tab-s2-t813-32gb-9-7-tablet-p-BD601745-B
302;"Asus Fonepad ME372CG-1A072A 8GB 7"" 3G IPS Tablet";Asus;0,00 TL;%0;0,00 TL (0,00 TL/adet);% 0;0,00 TL;4,8;4 ;https://www.hepsiburada.com//asus-fonepad-me372cg-1a072a-8gb-7-3g-ips-tablet-p-BD600798
303;"Samsung Galaxy Tab 4 T532 16GB 10.1"" Beyaz 3G Tablet";Samsung;0,00 TL;%0;0,00 TL (0,00 TL/adet);% 0;0,00 TL;4,0;4 ;https://www.hepsiburada.com//samsung-galaxy-tab-4-t532-16gb-10-1-beyaz-3g-tablet-p-BD601368B-B16
304;"Inca Astro 32GB 10.1"" IPS Beyaz Tablet + 4 Adet Aksesuar Hediye";Inca;0,00 TL;%0;0,00 TL (0,00 TL/adet);% 0;0,00 TL;4,7;29 ;https://www.hepsiburada.com//inca-astro-32gb-10-1-ips-beyaz-tablet-4-adet-aksesuar-hediye-p-BD302982
305;"Ultrapad UP162A-4G Cortex A7 16GB 10.1"" 4G Tablet Siyah";Ultrapad;1.020,01 TL;%100;0,00 TL (0,00 TL/adet);% 0;0,00 TL;3,8;12 ;https://www.hepsiburada.com//ultrapad-up162a-4g-cortex-a7-16gb-10-1-4g-tablet-siyah-p-HBV00000ILVQF
306;"Lenovo Tab 8 16GB 8"" IPS Tablet ZA3W0015TR";Lenovo;779,00 TL;%100;0,00 TL (0,00 TL/adet);% 0;0,00 TL;4,4;17 ;https://www.hepsiburada.com//lenovo-tab-8-16gb-8-ips-tablet-za3w0015tr-p-HBV00000D1Z9E
307;"Apple iPad 6.Nesil 128GB 9.7"" Wi-Fi + Cellular 4G IPS Tablet - Uzay Grisi MR722TU/A";Apple;5.599,00 TL;%100;0,00 TL (0,00 TL/adet);% 0;0,00 TL;4,9;17 ;https://www.hepsiburada.com//apple-ipad-6-nesil-128gb-9-7-wi-fi-cellular-4g-ips-tablet-uzay-grisi-mr722tu-a-p-HBV00000CEIP0
308;"Concord C-777 16GB 7"" IPS Tablet Siyah";Concord;400,00 TL;%100;0,00 TL (0,00 TL/adet);% 0;0,00 TL;3,2;17 ;https://www.hepsiburada.com//concord-c-777-16gb-7-ips-tablet-siyah-p-HBV00000M713D
309;"C5 Mobile Noa Tab 16GB 10.1"" IPS Tablet Gri";C5 Electronics;499,99 TL;%100;0,00 TL (0,00 TL/adet);% 0;0,00 TL;3,2;10 ;https://www.hepsiburada.com//c5-mobile-noa-tab-16gb-10-1-ips-tablet-gri-p-HBV00000NGPKN
310;"Apple iPad Pro 4.Nesil Wi-Fi 1TB 12.9"" Tablet - Uzay Grisi MXAX2TU/A";Apple;14.249,00 TL;%100;0,00 TL (0,00 TL/adet);% 0;0,00 TL;5,0;4 ;https://www.hepsiburada.com//apple-ipad-pro-4-nesil-wi-fi-1tb-12-9-tablet-uzay-grisi-mxax2tu-a-p-HBV00000SS5DV
311;"Huawei MediaPad T3 16GB 10"" IPS Tablet Gri (Ýthalatçý Garantili)";Huawei;1.229,00 TL;%100;0,00 TL (0,00 TL/adet);% 0;0,00 TL;5,0;1 ;https://www.hepsiburada.com//huawei-mediapad-t3-16gb-10-ips-tablet-gri-ithalatci-garantili-p-HBV00000VSEE9
312;"Lenovo TAB 7 16GB 7"" IPS Tablet Siyah ZA360086TR";Lenovo;999,00 TL;%100;0,00 TL (0,00 TL/adet);% 0;0,00 TL;4,6;12 ;https://www.hepsiburada.com//lenovo-tab-7-16gb-7-ips-tablet-siyah-za360086tr-p-HBV00000SA9QT
313;"Apple iPad Air 3 256GB 10.5"" Wi-Fi+ Cellular Retina  Tablet - Space Grey MV0N2TU/A";Apple;6.599,00 TL;%100;0,00 TL (0,00 TL/adet);% 0;0,00 TL;5,0;1 ;https://www.hepsiburada.com//apple-ipad-air-3-256gb-10-5-wi-fi-cellular-retina-tablet-space-grey-mv0n2tu-a-p-HBV00000JVORH
314;"Everest EverPad SC-740 Venüs7 16GB 7"" Tablet Kýrmýzý";Everest;599,00 TL;%100;0,00 TL (0,00 TL/adet);% 0;0,00 TL;2,6;105 ;https://www.hepsiburada.com//everest-everpad-sc-740-venus7-16gb-7-tablet-kirmizi-p-HBV00000PZZHB
315;"Apple iPad Air 3 64GB 10.5"" Wi-Fi Retina Tablet - Uzay Grisi MUUJ2TU/A";Apple;4.999,00 TL;%100;0,00 TL (0,00 TL/adet);% 0;0,00 TL;4,9;105 ;https://www.hepsiburada.com//apple-ipad-air-3-64gb-10-5-wi-fi-retina-tablet-uzay-grisi-muuj2tu-a-p-HBV00000JVOR0
316;"Hometech Alfa10 RX 2GB RAM 16GB HAFIZA 10.1"" IPS Tablet Siyah";Hometech;1.599,00 TL;%100;0,00 TL (0,00 TL/adet);% 0;0,00 TL;3,2;55 ;https://www.hepsiburada.com//hometech-alfa10-rx-2gb-ram-16gb-hafiza-10-1-ips-tablet-siyah-p-HBV00000M71BH
317;"Apple iPad 6.Nesil 128GB 9.7"" Wi-Fi IPS Tablet - Gri MR7J2TU/A";Apple;3.399,00 TL;%100;0,00 TL (0,00 TL/adet);% 0;0,00 TL;4,9;133 ;https://www.hepsiburada.com//apple-ipad-6-nesil-128gb-9-7-wi-fi-ips-tablet-gri-mr7j2tu-a-p-HBV00000BKU27
318;"Apple iPad Mini 4 128GB 7.9"" Retina Tablet - Gümüþ MK9P2TU/A";Apple;3.299,00 TL;%100;0,00 TL (0,00 TL/adet);% 0;0,00 TL;4,9;8 ;https://www.hepsiburada.com//apple-ipad-mini-4-128gb-7-9-retina-tablet-gumus-mk9p2tu-a-p-HBV000002F607
319;"Samsung Galaxy Tab S6 LTE SM-T867 128GB 10.6"" Tablet 2019 (Duman Siyahý) SM-T867NZAATUR";Samsung;6.299,00 TL;%100;0,00 TL (0,00 TL/adet);% 0;0,00 TL;4,6;15 ;https://www.hepsiburada.com//samsung-galaxy-tab-s6-lte-sm-t867-128gb-10-6-tablet-2019-duman-siyahi-sm-t867nzaatur-p-HBV00000N21Z9
320;"Lenovo Tab M10 64GB 10.1"" 4GB Tablet ZA480197TR";Lenovo;2.999,00 TL;%100;0,00 TL (0,00 TL/adet);% 0;0,00 TL;4,8;53 ;https://www.hepsiburada.com//lenovo-tab-m10-64gb-10-1-4gb-tablet-za480197tr-p-HBV00000TIAAL
321;"Concord C708 8Gb 7"" 3G Phablet (Sim Kart Takýlabilen Telefon Görüþme Özellikli Tablet)";Concord;499,00 TL;%100;0,00 TL (0,00 TL/adet);% 0;0,00 TL;3,5;10 ;https://www.hepsiburada.com//concord-c708-8gb-7-3g-phablet-sim-kart-takilabilen-telefon-gorusme-ozellikli-tablet-p-BDIN17081-BY
322;"Concord C-777 16GB 7"" Tablet Mavi";Concord;450,00 TL;%100;0,00 TL (0,00 TL/adet);% 0;0,00 TL;3,6;12 ;https://www.hepsiburada.com//concord-c-777-16gb-7-tablet-mavi-p-HBV00000QTN5Y
323;Samsung Galaxy T517 2gb 32GB 10.1 2019 Tablet;Samsung;2.399,00 TL;%100;0,00 TL (0,00 TL/adet);% 0;0,00 TL;4,6;48 ;https://www.hepsiburada.com//samsung-galaxy-t517-2gb-32gb-10-1-2019-tablet-p-HBV00000NI19W
324;Jedi Pro 7” 16GB IPS Tablet Beyaz;Jedi;0,00 TL;%0;0,00 TL (0,00 TL/adet);% 0;0,00 TL;4,5;2 ;https://www.hepsiburada.com//jedi-pro-7-16gb-ips-tablet-beyaz-p-HBV00000VMN24
325;Casper L10 16 GB 10'' HD IPS 4.5G Ýkisi Bir Arada Tablet Siyah;Casper;1.119,00 TL;%100;0,00 TL (0,00 TL/adet);% 0;0,00 TL;3,7;72 ;https://www.hepsiburada.com//casper-l10-16-gb-10-hd-ips-4-5g-ikisi-bir-arada-tablet-siyah-p-HBV00000AKMHQ
326;"Lenovo Tab 4 10 16GB 2GB 10.1"" IPS Tablet - Beyaz ZA2J0002TR";Lenovo;1.449,00 TL;%100;0,00 TL (0,00 TL/adet);% 0;0,00 TL;4,8;54 ;https://www.hepsiburada.com//lenovo-tab-4-10-16gb-2gb-10-1-ips-tablet-beyaz-za2j0002tr-p-HBV000007R8W4
327;"Casper S10 16GB 10.1"" IPS Tablet";Casper;1.599,00 TL;%100;0,00 TL (0,00 TL/adet);% 0;0,00 TL;4,4;242 ;https://www.hepsiburada.com//casper-s10-16gb-10-1-ips-tablet-p-HBV000003FTDR
328;Concord C-779 2GB Ram 16GB Hafýza 5MP Kamera Tablet Pc;Concord;559,00 TL;%100;0,00 TL (0,00 TL/adet);% 0;0,00 TL;3,3;7 ;https://www.hepsiburada.com//concord-c-779-2gb-ram-16gb-hafiza-5mp-kamera-tablet-pc-p-HBV00000R3QWW
329;Concord C-779 2GB Ram 16GB Hafýza 5MP Kamera Tablet Pc;Concord;559,00 TL;%100;0,00 TL (0,00 TL/adet);% 0;0,00 TL;3,6;16 ;https://www.hepsiburada.com//concord-c-779-2gb-ram-16gb-hafiza-5mp-kamera-tablet-pc-p-HBV00000R3QWU
330;"Lenovo Tab 10 32GB 10.1"" Tablet ZA4F0006TR";Lenovo;0,00 TL;%0;0,00 TL (0,00 TL/adet);% 0;0,00 TL;None;;https://www.hepsiburada.com//lenovo-tab-10-32gb-10-1-tablet-za4f0006tr-p-HBV00000P84ZS
331;"Alcatel 1T 8GB 7"" IPS Wi-Fi Tablet Siyah";Alcatel;549,99 TL;%100;0,00 TL (0,00 TL/adet);% 0;0,00 TL;3,9;11 ;https://www.hepsiburada.com//alcatel-1t-8gb-7-ips-wi-fi-tablet-siyah-p-HBV00000NNP9V
332;"Huawei MediaPad T3 16GB 10"" IPS Tablet Gri";Huawei;1.229,00 TL;%100;0,00 TL (0,00 TL/adet);% 0;0,00 TL;4,3;103 ;https://www.hepsiburada.com//huawei-mediapad-t3-16gb-10-ips-tablet-gri-p-HBV00000I9YVZ
333;"Apple iPad 6.Nesil 128GB 9.7"" Wi-Fi + Cellular 4G IPS Tablet - Uzay Grisi MR722TU/A";Apple;5.599,00 TL;%100;0,00 TL (0,00 TL/adet);% 0;0,00 TL;4,9;17 ;https://www.hepsiburada.com//apple-ipad-6-nesil-128gb-9-7-wi-fi-cellular-4g-ips-tablet-uzay-grisi-mr722tu-a-p-HBV00000CEIP0
334;"Concord C-777 16GB 7"" IPS Tablet Siyah";Concord;400,00 TL;%100;0,00 TL (0,00 TL/adet);% 0;0,00 TL;3,2;17 ;https://www.hepsiburada.com//concord-c-777-16gb-7-ips-tablet-siyah-p-HBV00000M713D
335;"Huawei MediaPad T3 16GB 10"" IPS Tablet Gri (Ýthalatçý Garantili)";Huawei;1.229,00 TL;%100;0,00 TL (0,00 TL/adet);% 0;0,00 TL;5,0;1 ;https://www.hepsiburada.com//huawei-mediapad-t3-16gb-10-ips-tablet-gri-ithalatci-garantili-p-HBV00000VSEE9
336;"Samsung Galaxy Tab A T587 16GB 10.1"" FHD 4G Tablet";Samsung;3.999,00 TL;%100;0,00 TL (0,00 TL/adet);% 0;0,00 TL;4,6;16 ;https://www.hepsiburada.com//samsung-galaxy-tab-a-t587-16gb-10-1-fhd-4g-tablet-p-HBV0000025QF2
337;"Hometech Alfa 32GB 8"" Tablet - Beyaz";Hometech;0,00 TL;%0;0,00 TL (0,00 TL/adet);% 0;0,00 TL;3,8;71 ;https://www.hepsiburada.com//hometech-alfa-32gb-8-tablet-beyaz-p-HBV00000RUPBX
338;"Microsoft Surface 3 32GB 10.8"" Tablet PC (7G7-00003)";Microsoft;4.199,00 TL;%62;1.599,84 TL;% 0;1.599,84 TL;5,0;1 ;https://www.hepsiburada.com//microsoft-surface-3-32gb-10-8-tablet-pc-7g7-00003-p-HBV00000V9LEM
339;"Apple iPad Pro Wi-Fi 64GB 11"" Tablet - Gümüþ MTXP2TU/A";Apple;8.499,00 TL;%100;0,00 TL (0,00 TL/adet);% 0;0,00 TL;4,8;50 ;https://www.hepsiburada.com//apple-ipad-pro-wi-fi-64gb-11-tablet-gumus-mtxp2tu-a-p-HBV00000FH2R9
340;Concord C-779 2GB Ram 16GB Hafýza 5MP Kamera Tablet Pc;Concord;559,00 TL;%100;0,00 TL (0,00 TL/adet);% 0;0,00 TL;3,3;7 ;https://www.hepsiburada.com//concord-c-779-2gb-ram-16gb-hafiza-5mp-kamera-tablet-pc-p-HBV00000R3QWW
341;Casper L10 16 GB 10'' HD IPS 4.5G Ýkisi Bir Arada Tablet Siyah;Casper;1.119,00 TL;%100;0,00 TL (0,00 TL/adet);% 0;0,00 TL;3,7;72 ;https://www.hepsiburada.com//casper-l10-16-gb-10-hd-ips-4-5g-ikisi-bir-arada-tablet-siyah-p-HBV00000AKMHQ
342;Concord C-779 2GB Ram 16GB Hafýza 5MP Kamera Tablet Pc;Concord;559,00 TL;%100;0,00 TL (0,00 TL/adet);% 0;0,00 TL;3,6;16 ;https://www.hepsiburada.com//concord-c-779-2gb-ram-16gb-hafiza-5mp-kamera-tablet-pc-p-HBV00000R3QWU
343;"Casper S10 16GB 10.1"" IPS Tablet";Casper;1.599,00 TL;%100;0,00 TL (0,00 TL/adet);% 0;0,00 TL;4,4;242 ;https://www.hepsiburada.com//casper-s10-16gb-10-1-ips-tablet-p-HBV000003FTDR
344;Samsung Galaxy T517 2gb 32GB 10.1 2019 Tablet;Samsung;2.399,00 TL;%100;0,00 TL (0,00 TL/adet);% 0;0,00 TL;4,6;48 ;https://www.hepsiburada.com//samsung-galaxy-t517-2gb-32gb-10-1-2019-tablet-p-HBV00000NI19W
345;"Lenovo Tab 4 10 16GB 2GB 10.1"" IPS Tablet - Beyaz ZA2J0002TR";Lenovo;1.449,00 TL;%100;0,00 TL (0,00 TL/adet);% 0;0,00 TL;4,8;54 ;https://www.hepsiburada.com//lenovo-tab-4-10-16gb-2gb-10-1-ips-tablet-beyaz-za2j0002tr-p-HBV000007R8W4
346;Jedi Pro 7” 16GB IPS Tablet Beyaz;Jedi;0,00 TL;%0;0,00 TL (0,00 TL/adet);% 0;0,00 TL;4,5;2 ;https://www.hepsiburada.com//jedi-pro-7-16gb-ips-tablet-beyaz-p-HBV00000VMN24
347;"Vestel V Tab 8010 8GB 8"" IPS Tablet";Vestel;299,25 TL;%100;0,00 TL (0,00 TL/adet);% 0;0,00 TL;2,0;4 ;https://www.hepsiburada.com//vestel-v-tab-8010-8gb-8-ips-tablet-p-HBV0000026RKO
348;"iPad 7. Nesil 10.2"" 128 GB Wifi Tablet Tablet  MW782TU/A";Apple;3.799,00 TL;%100;0,00 TL (0,00 TL/adet);% 0;0,00 TL;4,9;123 ;https://www.hepsiburada.com//ipad-7-nesil-10-2-128-gb-wifi-tablet-tablet-mw782tu-a-p-HBV00000NWET3
349;"Samsung Galaxy Tab A SM-T590 32GB 10.5"" Tablet - Siyah";Samsung;2.199,00 TL;%100;0,00 TL (0,00 TL/adet);% 0;0,00 TL;4,8;49 ;https://www.hepsiburada.com//samsung-galaxy-tab-a-sm-t590-32gb-10-5-tablet-siyah-p-HBV00000FKBK6
350;"Apple iPad Air 3 256GB 10.5"" Wi-Fi+ Cellular Retina  Tablet - Silver MV0P2TU/A";Apple;6.599,00 TL;%100;0,00 TL (0,00 TL/adet);% 0;0,00 TL;None;;https://www.hepsiburada.com//apple-ipad-air-3-256gb-10-5-wi-fi-cellular-retina-tablet-silver-mv0p2tu-a-p-HBV00000JVORJ
351;"Apple iPad Pro Wi-Fi 1TB 11"" Tablet - Gümüþ MTXW2TU/A";Apple;10.299,00 TL;%100;0,00 TL (0,00 TL/adet);% 0;0,00 TL;5,0;3 ;https://www.hepsiburada.com//apple-ipad-pro-wi-fi-1tb-11-tablet-gumus-mtxw2tu-a-p-HBV00000FH2RI
352;"Samsung Galaxy Tab A SM-T597N 10.5"" 4G LTE Tablet Siyah";Samsung;0,00 TL;%0;0,00 TL (0,00 TL/adet);% 0;0,00 TL;None;;https://www.hepsiburada.com//samsung-galaxy-tab-a-sm-t597n-10-5-4g-lte-tablet-siyah-p-HBV00000PP2IU
353;"Samsung Galaxy Tab A SM-T597 32GB 10.5"" 4G Tablet - Siyah";Samsung;3.699,00 TL;%100;0,00 TL (0,00 TL/adet);% 0;0,00 TL;4,8;11 ;https://www.hepsiburada.com//samsung-galaxy-tab-a-sm-t597-32gb-10-5-4g-tablet-siyah-p-HBV00000FKBK9
354;"Vorcom S9 Elegance 16 GB 9"" Tablet";Vorcom;0,00 TL;%0;0,00 TL (0,00 TL/adet);% 0;0,00 TL;None;;https://www.hepsiburada.com//vorcom-s9-elegance-16-gb-9-tablet-p-HBV00000Y3833
355;"Apple iPad Pro Wi-Fi 512GB 11"" Tablet - Uzay Grisi MTXT2TU/A";Apple;8.499,00 TL;%100;0,00 TL (0,00 TL/adet);% 0;0,00 TL;5,0;2 ;https://www.hepsiburada.com//apple-ipad-pro-wi-fi-512gb-11-tablet-uzay-grisi-mtxt2tu-a-p-HBV00000FH2RE
356;"Concord C-779 Plus M19 7"" HD 16 Gb 5Mp Kamera";Concord;499,00 TL;%100;0,00 TL (0,00 TL/adet);% 0;0,00 TL;3,3;4 ;https://www.hepsiburada.com//concord-c-779-plus-m19-7-hd-16-gb-5mp-kamera-p-HBV00000N3DR5
357;"Apple iPad Air 3 256GB 10.5"" Wi-Fi Retina Tablet - Uzay Grisi MUUQ2TU/A";Apple;6.599,00 TL;%100;0,00 TL (0,00 TL/adet);% 0;0,00 TL;5,0;6 ;https://www.hepsiburada.com//apple-ipad-air-3-256gb-10-5-wi-fi-retina-tablet-uzay-grisi-muuq2tu-a-p-HBV00000JVOR7
358;"Lenovo Tab D330-10IGM 4GB 10.1"" IPS Tablet Siyah 81H300LDTX";Lenovo;4.199,00 TL;%100;0,00 TL (0,00 TL/adet);% 0;0,00 TL;4,8;10 ;https://www.hepsiburada.com//lenovo-tab-d330-10igm-4gb-10-1-ips-tablet-siyah-81h300ldtx-p-HBV00000UNTB1
359;"Hegitech Pro 7s 7"" 32GB IPS Tablet";Hegitech;1.049,00 TL;%100;0,00 TL (0,00 TL/adet);% 0;0,00 TL;2,3;3 ;https://www.hepsiburada.com//hegitech-pro-7s-7-32gb-ips-tablet-p-HBV00000X5ZYR
360;"Apple iPad Pro Wi-Fi Cellular 64GB 11"" Tablet - Gümüþ MU0U2TU/A";Apple;7.369,00 TL;%100;0,00 TL (0,00 TL/adet);% 0;0,00 TL;4,8;5 ;https://www.hepsiburada.com//apple-ipad-pro-wi-fi-cellular-64gb-11-tablet-gumus-mu0u2tu-a-p-HBV00000FH2RL
361;"Lenovo Tab D330-10IGM 4GB 10.1"" IPS Tablet Siyah 81H300LDTX";Lenovo;4.199,00 TL;%100;0,00 TL (0,00 TL/adet);% 0;0,00 TL;4,8;10 ;https://www.hepsiburada.com//lenovo-tab-d330-10igm-4gb-10-1-ips-tablet-siyah-81h300ldtx-p-HBV00000UNTB1
362;"Hegitech Pro 7s 7"" 32GB IPS Tablet";Hegitech;1.049,00 TL;%100;0,00 TL (0,00 TL/adet);% 0;0,00 TL;2,3;3 ;https://www.hepsiburada.com//hegitech-pro-7s-7-32gb-ips-tablet-p-HBV00000X5ZYR
363;"Samsung Galaxy Tab A SM-T590 32GB 10.5"" Tablet - Siyah";Samsung;2.199,00 TL;%100;0,00 TL (0,00 TL/adet);% 0;0,00 TL;4,8;49 ;https://www.hepsiburada.com//samsung-galaxy-tab-a-sm-t590-32gb-10-5-tablet-siyah-p-HBV00000FKBK6
364;"Apple iPad Air 3 256GB 10.5"" Wi-Fi Retina Tablet - Uzay Grisi MUUQ2TU/A";Apple;6.599,00 TL;%100;0,00 TL (0,00 TL/adet);% 0;0,00 TL;5,0;6 ;https://www.hepsiburada.com//apple-ipad-air-3-256gb-10-5-wi-fi-retina-tablet-uzay-grisi-muuq2tu-a-p-HBV00000JVOR7
365;"Concord C-779 Plus M19 7"" HD 16 Gb 5Mp Kamera";Concord;499,00 TL;%100;0,00 TL (0,00 TL/adet);% 0;0,00 TL;3,3;4 ;https://www.hepsiburada.com//concord-c-779-plus-m19-7-hd-16-gb-5mp-kamera-p-HBV00000N3DR5
366;"Fluo Live 4G 8GB 8"" IPS 4.5G Tablet";Fluo;499,00 TL;%100;0,00 TL (0,00 TL/adet);% 0;0,00 TL;2,3;3 ;https://www.hepsiburada.com//fluo-live-4g-8gb-8-ips-4-5g-tablet-p-HBV00000H9SMB
367;"Everest Everpad DC-1101 32GB 10.1"" Klavyeli Tablet Siyah";Everest;1.200,00 TL;%100;0,00 TL (0,00 TL/adet);% 0;0,00 TL;3,0;11 ;https://www.hepsiburada.com//everest-everpad-dc-1101-32gb-10-1-klavyeli-tablet-siyah-p-HBV00000F2QB9
